Title,GAG_age1_biomass,GAG_SEDAR105_AGE0_FWCNMFS,GAG_SEDAR105_AGE0_CHR,GAG_SEDAR105_AGE0_MBB,GAG_SEDAR105_AGE0_SAR,GAG_SEDAR105_AGE0_TBR,GAG_SEDAR105_AGE0_TPR,GAG_SEDAR105_GFISHER,GAG_age2_biomass,GAG_SEDAR72SRFS_Srv_PC_VIDEO_10,GAG_age3_biomass,GAG_age4_biomass,GAG_SEDAR72SRFS_Rec_HBT_3,GAG_age5_biomass,GAG_SEDAR72SRFS_Srv_CBT_PRIV_7,GAG_age6_biomass,GAG_SEDAR72SRFS_Com_VL_OTH_1,GAG_SEDAR72SRFS_Com_LL_2,GAG_SEDAR72SRFS_Srv_SEAMAP_VIDEO_9,REDGRP_age1_biomass,REDGRP_age2_biomass,REDGRP_SEDAR88_SEAMAP_GF,REDGRP_age3_biomass,REDGRP_age4_biomass,REDGRP_SEDAR88_Rec,REDGRP_age5_biomass,REDGRP_age6_biomass,REDGRP_SEDAR88_comm_LL,REDGRP_SEDAR88_CmbVid,REDGRP_SEDAR88_comm_HL,REDGRP_SEDAR88_NMFS_BLL,recre,commercial reef,shrimp fishery,other,commercial VL gag,commercial LL gag,Rec_HBT_3,Rec_CBT_4,Rec_PRIV_SH_5,commercial HL red,commercial LL red,commercial trap red,rec red,GAG_age6_catch,REDGRP_age6_catch,GAG_dprop_age2_Com_VL_OTH_1,GAG_dprop_age3_Com_VL_OTH_1,GAG_dprop_age4_Com_VL_OTH_1,GAG_dprop_age5_Com_VL_OTH_1,GAG_dprop_age6_Com_VL_OTH_1,GAG_dprop_age2_Com_LL_2,GAG_dprop_age3_Com_LL_2,GAG_dprop_age4_Com_LL_2,GAG_dprop_age5_Com_LL_2,GAG_dprop_age6_Com_LL_2,GAG_dprop_age1_Rec_HBT_3,GAG_dprop_age2_Rec_HBT_3,GAG_dprop_age3_Rec_HBT_3,GAG_dprop_age4_Rec_HBT_3,GAG_dprop_age5_Rec_HBT_3,GAG_dprop_age6_Rec_HBT_3,GAG_dprop_age2_Rec_CBT_4,GAG_dprop_age3_Rec_CBT_4,GAG_dprop_age4_Rec_CBT_4,GAG_dprop_age5_Rec_CBT_4,GAG_dprop_age6_Rec_CBT_4,GAG_dprop_age1_Rec_PRIV_SH_5,GAG_dprop_age2_Rec_PRIV_SH_5,GAG_dprop_age3_Rec_PRIV_SH_5,GAG_dprop_age4_Rec_PRIV_SH_5,GAG_dprop_age5_Rec_PRIV_SH_5,GAG_dprop_age6_Rec_PRIV_SH_5,REDGRP_dprop_age1_comm_HL,REDGRP_dprop_age2_comm_HL,REDGRP_dprop_age3_comm_HL,REDGRP_dprop_age4_comm_HL,REDGRP_dprop_age5_comm_HL,REDGRP_dprop_age6_comm_HL,REDGRP_dprop_age1_comm_LL,REDGRP_dprop_age2_comm_LL,REDGRP_dprop_age3_comm_LL,REDGRP_dprop_age4_comm_LL,REDGRP_dprop_age5_comm_LL,REDGRP_dprop_age6_comm_LL,REDGRP_dprop_age2_commTrap,REDGRP_dprop_age3_commTrap,REDGRP_dprop_age4_commTrap,REDGRP_dprop_age5_commTrap,REDGRP_dprop_age6_commTrap,REDGRP_dprop_age1_Rec,REDGRP_dprop_age2_Rec,REDGRP_dprop_age3_Rec,REDGRP_dprop_age4_Rec,REDGRP_dprop_age5_Rec,REDGRP_dprop_age6_Rec,GAG_dmort_Com_VL_OTH_1,GAG_dmort_Com_LL_2,GAG_dmort_Rec_HBT_3,GAG_dmort_Rec_CBT_4,GAG_dmort_Rec_PRIV_SH_5,REDGRP_dmort_comm_HL,REDGRP_dmort_comm_LL,REDGRP_dmort_commTrap,REDGRP_dmort_Rec,GAG_land_age2_Com_VL_OTH_1,GAG_land_age3_Com_VL_OTH_1,GAG_land_age4_Com_VL_OTH_1,GAG_land_age5_Com_VL_OTH_1,GAG_land_age6_Com_VL_OTH_1,GAG_land_age2_Com_LL_2,GAG_land_age3_Com_LL_2,GAG_land_age4_Com_LL_2,GAG_land_age5_Com_LL_2,GAG_land_age6_Com_LL_2,GAG_land_age1_Rec_HBT_3,GAG_land_age2_Rec_HBT_3,GAG_land_age3_Rec_HBT_3,GAG_land_age4_Rec_HBT_3,GAG_land_age5_Rec_HBT_3,GAG_land_age6_Rec_HBT_3,GAG_land_age2_Rec_CBT_4,GAG_land_age3_Rec_CBT_4,GAG_land_age4_Rec_CBT_4,GAG_land_age5_Rec_CBT_4,GAG_land_age6_Rec_CBT_4,GAG_land_age1_Rec_PRIV_SH_5,GAG_land_age2_Rec_PRIV_SH_5,GAG_land_age3_Rec_PRIV_SH_5,GAG_land_age4_Rec_PRIV_SH_5,GAG_land_age5_Rec_PRIV_SH_5,GAG_land_age6_Rec_PRIV_SH_5,REDGRP_land_age1_comm_HL,REDGRP_land_age2_comm_HL,REDGRP_land_age3_comm_HL,REDGRP_land_age4_comm_HL,REDGRP_land_age5_comm_HL,REDGRP_land_age6_comm_HL,REDGRP_land_age1_comm_LL,REDGRP_land_age2_comm_LL,REDGRP_land_age3_comm_LL,REDGRP_land_age4_comm_LL,REDGRP_land_age5_comm_LL,REDGRP_land_age6_comm_LL,REDGRP_land_age2_commTrap,REDGRP_land_age3_commTrap,REDGRP_land_age4_commTrap,REDGRP_land_age5_commTrap,REDGRP_land_age6_commTrap,REDGRP_land_age1_Rec,REDGRP_land_age2_Rec,REDGRP_land_age3_Rec,REDGRP_land_age4_Rec,REDGRP_land_age5_Rec,REDGRP_land_age6_Rec,GAG_disc_age2_Com_VL_OTH_1,GAG_disc_age3_Com_VL_OTH_1,GAG_disc_age4_Com_VL_OTH_1,GAG_disc_age5_Com_VL_OTH_1,GAG_disc_age6_Com_VL_OTH_1,GAG_disc_age2_Com_LL_2,GAG_disc_age3_Com_LL_2,GAG_disc_age4_Com_LL_2,GAG_disc_age5_Com_LL_2,GAG_disc_age6_Com_LL_2,GAG_disc_age1_Rec_HBT_3,GAG_disc_age2_Rec_HBT_3,GAG_disc_age3_Rec_HBT_3,GAG_disc_age4_Rec_HBT_3,GAG_disc_age5_Rec_HBT_3,GAG_disc_age6_Rec_HBT_3,GAG_disc_age2_Rec_CBT_4,GAG_disc_age3_Rec_CBT_4,GAG_disc_age4_Rec_CBT_4,GAG_disc_age5_Rec_CBT_4,GAG_disc_age6_Rec_CBT_4,GAG_disc_age1_Rec_PRIV_SH_5,GAG_disc_age2_Rec_PRIV_SH_5,GAG_disc_age3_Rec_PRIV_SH_5,GAG_disc_age4_Rec_PRIV_SH_5,GAG_disc_age5_Rec_PRIV_SH_5,GAG_disc_age6_Rec_PRIV_SH_5,REDGRP_disc_age1_comm_HL,REDGRP_disc_age2_comm_HL,REDGRP_disc_age3_comm_HL,REDGRP_disc_age4_comm_HL,REDGRP_disc_age5_comm_HL,REDGRP_disc_age6_comm_HL,REDGRP_disc_age1_comm_LL,REDGRP_disc_age2_comm_LL,REDGRP_disc_age3_comm_LL,REDGRP_disc_age4_comm_LL,REDGRP_disc_age5_comm_LL,REDGRP_disc_age6_comm_LL,REDGRP_disc_age2_commTrap,REDGRP_disc_age3_commTrap,REDGRP_disc_age4_commTrap,REDGRP_disc_age5_commTrap,REDGRP_disc_age6_commTrap,REDGRP_disc_age1_Rec,REDGRP_disc_age2_Rec,REDGRP_disc_age3_Rec,REDGRP_disc_age4_Rec,REDGRP_disc_age5_Rec,REDGRP_disc_age6_Rec,GAG_age6_disctot,REDGRP_age6_disctot,GAG_age1_disctot_rel,GAG_age2_disctot_rel,GAG_age3_disctot_rel,GAG_age4_disctot_rel,GAG_age5_disctot_rel,REDGRP_age1_disctot_rel,REDGRP_age2_disctot_rel,REDGRP_age3_disctot_rel,REDGRP_age4_disctot_rel,REDGRP_age5_disctot_rel,Pelagic_piscivores_SSrelCatch,Snappers_SSrelCatch,GAG_age1_catch,GAG_age2_catch,GAG_age3_catch,GAG_age4_catch,GAG_age5_catch,REDGRP_age1_relCatch,REDGRP_age2_relCatch,REDGRP_age3_relCatch,REDGRP_age4_relCatch,REDGRP_age5_relCatch,Large_reef_fish_SSrelCatch,GAG_age1_F,GAG_age2_F,GAG_age3_F,GAG_age4_F,GAG_age5_F,GAG_age6_F,REDGRP_age1_F,REDGRP_age2_F,REDGRP_age3_F,REDGRP_age4_F,REDGRP_age5_F,REDGRP_age6_F
Weight,0,4.64890358,5.610867653,3.030894156,2.761225919,6.374780299,5.466749874,6.209139239,0,1.34,0,0,3.45,0,1.38,0,1.72,1.89,2.32,0,0,2.96,0,0,3.81,0,0,1.61,3.33,3.33,9.69,1,1,1,1,1,1,1,1,1,1,1,1,1,1,1,1,1,1,1,1,1,1,1,1,1,1,1,1,1,1,1,1,1,1,1,1,1,1,1,1,1,1,1,1,1,1,1,1,1,1,1,1,1,1,1,1,1,1,1,1,1,1,1,1,1,1,1,1,1,1,1,1,1,1,0,0,0,0,1,0,0,0,0,1,0,0,0,0,0,1,0,0,0,0,1,0,0,0,0,0,1,0,0,0,0,0,1,0,0,0,0,0,1,0,0,0,0,1,0,0,0,0,0,1,0,0,0,0,1,0,0,0,0,1,0,0,0,0,0,1,0,0,0,0,1,0,0,0,0,0,1,0,0,0,0,0,1,0,0,0,0,0,1,0,0,0,0,1,0,0,0,0,0,1,1,1,1,1,1,1,1,1,1,1,1,1,1,1,1,1,1,1,1,1,1,1,1,1,1,1,1,1,1,1,1,1,1,1,1,1,1
Pool code 1,4,4,4,4,4,4,4,"5,6,7,8,9",5,"5,6,7,8,9",6,7,"5,6,7,8,9",8,"5,6,7,8,9",9,"8,9",9,"8,9",10,11,11,12,13,13,14,15,15,15,15,15,1,2,3,4,5,6,7,8,9,10,11,12,13,9,15,5,5,5,5,5,6,6,6,6,6,7,7,7,7,7,7,8,8,8,8,8,9,9,9,9,9,9,10,10,10,10,10,10,11,11,11,11,11,11,12,12,12,12,12,13,13,13,13,13,13,5,6,7,8,9,10,11,12,13,5,5,5,5,5,6,6,6,6,6,7,7,7,7,7,7,8,8,8,8,8,9,9,9,9,9,9,10,10,10,10,10,10,11,11,11,11,11,11,12,12,12,12,12,13,13,13,13,13,13,5,5,5,5,5,6,6,6,6,6,7,7,7,7,7,7,8,8,8,8,8,9,9,9,9,9,9,10,10,10,10,10,10,11,11,11,11,11,11,12,12,12,12,12,13,13,13,13,13,13,9,15,4,5,6,7,8,10,11,12,13,14,2,3,4,5,6,7,8,10,11,12,13,14,16,4,5,6,7,8,9,10,11,12,13,14,15
Pool code 2,0,0,0,0,0,0,0,0,0,0,0,0,0,0,0,0,0,0,0,0,0,0,0,0,0,0,0,0,0,0,0,0,0,0,0,0,0,0,0,0,0,0,0,0,0,0,5,6,7,8,9,5,6,7,8,9,4,5,6,7,8,9,5,6,7,8,9,4,5,6,7,8,9,10,11,12,13,14,15,10,11,12,13,14,15,11,12,13,14,15,10,11,12,13,14,15,0,0,0,0,0,0,0,0,0,5,6,7,8,9,5,6,7,8,9,4,5,6,7,8,9,5,6,7,8,9,4,5,6,7,8,9,10,11,12,13,14,15,10,11,12,13,14,15,11,12,13,14,15,10,11,12,13,14,15,5,6,7,8,9,5,6,7,8,9,4,5,6,7,8,9,5,6,7,8,9,4,5,6,7,8,9,10,11,12,13,14,15,10,11,12,13,14,15,11,12,13,14,15,10,11,12,13,14,15,0,0,0,0,0,0,0,0,0,0,0,0,0,0,0,0,0,0,0,0,0,0,0,0,0,0,0,0,0,0,0,0,0,0,0,0,0
Type,0,0,0,0,0,0,0,0,0,0,0,0,0,0,0,0,0,0,0,0,0,0,0,0,0,0,0,0,0,0,0,3,3,3,3,3,3,3,3,3,3,3,3,3,6,6,10,10,10,10,10,10,10,10,10,10,10,10,10,10,10,10,10,10,10,10,10,10,10,10,10,10,10,10,10,10,10,10,10,10,10,10,10,10,10,10,10,10,10,10,10,10,10,10,10,10,11,11,11,11,11,11,11,11,11,12,12,12,12,12,12,12,12,12,12,12,12,12,12,12,12,12,12,12,12,12,12,12,12,12,12,12,12,12,12,12,12,12,12,12,12,12,12,12,12,12,12,12,12,12,12,12,12,12,12,13,13,13,13,13,13,13,13,13,13,13,13,13,13,13,13,13,13,13,13,13,13,13,13,13,13,13,13,13,13,13,13,13,13,13,13,13,13,13,13,13,13,13,13,13,13,13,13,13,13,19,19,20,20,20,20,20,20,20,20,20,20,61,61,61,61,61,61,61,61,61,61,61,61,61,104,104,104,104,104,104,104,104,104,104,104,104
Region,0,0,8,4,1,6,3,"10,13,14,16",0,"12,14,15,16",0,0,0,0,0,0,0,0,"11,13,16",0,0,0,0,0,0,0,0,0,0,0,0,0,0,0,0,0,0,0,0,0,0,0,0,0,0,0,0,0,0,0,0,0,0,0,0,0,0,0,0,0,0,0,0,0,0,0,0,0,0,0,0,0,0,0,0,0,0,0,0,0,0,0,0,0,0,0,0,0,0,0,0,0,0,0,0,0,0,0,0,0,0,0,0,0,0,0,0,0,0,0,0,0,0,0,0,0,0,0,0,0,0,0,0,0,0,0,0,0,0,0,0,0,0,0,0,0,0,0,0,0,0,0,0,0,0,0,0,0,0,0,0,0,0,0,0,0,0,0,0,0,0,0,0,0,0,0,0,0,0,0,0,0,0,0,0,0,0,0,0,0,0,0,0,0,0,0,0,0,0,0,0,0,0,0,0,0,0,0,0,0,0,0,0,0,0,0,0,0,0,0,0,0,0,0,0,0,0,0,0,0,0,0,0,0,0,0,0,0,0,0,0,0,0,0,0,0,0,0,0,0,0,0
1985,0.001398578,,,,,,,,0.003705405,,0.006236258,0.005499685,,0.009854891,,0.026303066,,,,NA,NA,,NA,NA,,NA,NA,,,,,1,1,1,1,1,1,1,1,1,1,1,1,1,0.00518194,NA,0.024,0.024,0.024,0.024,0.024,0,0,0,0,0,0.049,0.049,0.049,0.049,0.049,0.049,0.079,0.079,0.079,0.079,0.079,0.069,0.069,0.069,0.069,0.069,0.069,0,0,0,0,0,0,2.60E-05,2.60E-05,2.60E-05,2.60E-05,2.60E-05,2.60E-05,4.33E-05,4.33E-05,4.33E-05,4.33E-05,4.33E-05,2.33E-01,0.232595583,0.232595583,2.33E-01,2.33E-01,0.232595583,0.33,0.34,0.14,0.14,0.14,0.2,0.67,0.07,0.13,2.27E-06,2.54E-05,7.50E-05,0.000280718,0.001622452,4.56E-08,9.45E-07,5.38E-06,3.95E-05,0.000751305,1.18E-07,2.67E-05,0.000142566,0.00018823,0.000369552,0.000601908,4.14E-05,0.000264229,0.000391164,0.000828995,0.00142326,2.60E-05,2.61E-04,0.000736113,0.000740335,0.001335892,0.001586278,,,,,,,,,,,,,,,,,,,,,,,,5.61E-08,6.27E-07,1.85E-06,6.93E-06,4.01E-05,,,,,,6.05E-09,1.37E-06,7.30E-06,9.61E-06,1.89E-05,3.08E-05,3.55E-06,2.26E-05,3.34E-05,7.10E-05,1.22E-04,1.94E-06,1.94E-05,5.49E-05,5.51E-05,9.94E-05,1.18E-04,,,,,,,,,,,,,,,,,,,,,,,,0.000175014,,9.77E-07,1.32E-05,4.79E-05,5.68E-05,0.00011112,,,,,,0.015010604,0.005161224,9.26E-06,0.000149984,0.000621937,0.00083732,0.001873283,NA,NA,NA,NA,NA,0.015127224,0.006620954,0.040476999,0.09972923,0.152248772,0.190086644,0.197008957,0.000079635,0.000873864,0.009299335,0.048507248,0.106703469,0.15907224
1986,0.00057704,,,,,,,,0.004484676,,0.004972705,0.006597111,1.52852,0.005011641,1.70443,0.028104177,,,,0.001781938,0.011361307,,0.015313186,0.017914004,0.981011,0.018583367,0.092390963,,,,,0.887333333,1.08901805,0.6979887,1,0.698270536,1.479838984,0.362605425,2.550085853,1.470756755,1,1,1,1,0.006688942,0.015535323,0.016,0.016,0.016,0.016,0.016,0,0,0,0,0,0.072,0.072,0.072,0.072,0.072,0.072,0.073,0.073,0.073,0.073,0.073,0.13,0.129,0.13,0.129,0.129,0.129,0,0,0,0,0,0,2.60E-05,2.60E-05,2.60E-05,2.60E-05,2.60E-05,2.60E-05,4.33E-05,4.33E-05,4.33E-05,4.33E-05,4.33E-05,2.33E-01,0.232595583,0.232595583,2.33E-01,2.33E-01,0.232595583,0.33,0.33,0.14,0.14,0.14,0.2,0.67,0.07,0.13,2.78E-06,2.05E-05,9.12E-05,0.000144727,0.001700639,6.57E-08,8.96E-07,7.69E-06,2.39E-05,0.000894119,2.32E-08,1.53E-05,5.40E-05,1.07E-04,8.95E-05,0.000321417,8.97E-05,0.000377843,0.000842365,0.000757119,0.002865959,6.11E-06,0.000180065,0.000335223,0.000507724,0.000388545,0.001063472,3.23E-10,9.24E-08,2.93E-06,4.08E-05,0.000255794,5.24E-03,1.20E-07,2.76E-06,1.36E-05,5.64E-05,0.000183521,0.00360701,3.26E-06,2.86E-05,1.02E-04,0.000193234,0.00121647,6.48E-09,4.11E-06,0.000101173,6.86E-04,1.40E-03,0.005260794,4.47E-08,3.28E-07,1.47E-06,2.33E-06,2.74E-05,,,,,,1.80E-09,1.19E-06,4.20E-06,8.35E-06,6.95E-06,2.50E-05,7.07E-06,2.98E-05,6.65E-05,5.98E-05,0.000226159,9.09E-07,2.67E-05,4.99E-05,7.55E-05,5.77E-05,1.58E-04,,,,,,,3.11E-12,7.18E-11,3.55E-10,1.47E-09,4.77E-09,9.37E-08,1.41E-10,1.24E-09,4.44E-09,8.37E-09,5.27E-08,1.96E-09,1.25E-06,3.07E-05,2.08E-04,4.25E-04,0.001594515,0.00030573,0.001594843,5.73E-07,2.32E-05,5.77E-05,0.000105756,8.88E-05,1.97E-09,1.25E-06,3.07E-05,0.0002078,0.000424738,0.015010604,0.005466711,5.63E-06,0.000271941,0.00075926,0.0015155,0.001374274,1.27E-07,1.04E-05,0.000150344,0.000912577,0.002089555,0.015127224,0.009748564,0.060637899,0.152685535,0.229721686,0.274216354,0.238005247,7.11E-05,0.000913969,0.00981794,0.050942108,0.112442214,0.168147646
1987,0.000822208,,,,,,,,0.001860287,,0.006107982,0.005350596,1.5882,0.00610718,0.360349,0.0259258,,,,0.001772315,0.009837149,,0.015330651,0.018030112,1.85645,0.018753416,0.090760771,,,,,1.1105,1.2656305,0.6657327,1,0.553999215,2.018291968,0.289490274,0.788184591,1.386095268,0.816406905,1.517058069,0.638062397,0.571739094,0.003970982,0.013369438,0.017,0.017,0.017,0.017,0.017,0,0,0,0,0,0.061,0.061,0.061,0.061,0.061,0.061,0.099,0.098,0.099,0.098,0.099,0.116,0.115,0.116,0.115,0.116,0.116,0,0,0,0,0,0,2.33E-05,2.33E-05,2.33E-05,2.33E-05,2.33E-05,2.33E-05,4.44E-05,4.44E-05,4.44E-05,4.44E-05,4.44E-05,2.34E-01,2.34E-01,0.234203831,2.34E-01,2.34E-01,0.234203831,0.33,0.34,0.14,0.14,0.14,0.25,0.75,0.11,0.13,7.67E-07,1.67E-05,4.91E-05,0.00011683,0.001074969,2.73E-08,1.10E-06,6.22E-06,2.91E-05,0.000877235,2.15E-08,4.14E-06,4.32E-05,5.66E-05,7.07E-05,0.000183835,1.79E-05,0.000223631,0.000328665,0.000443434,0.001215513,1.08E-05,9.26E-05,0.000509386,0.000508598,0.000584253,0.001109031,2.62E-10,6.53E-08,2.39E-06,3.35E-05,0.00021044,4.20E-03,1.81E-07,3.63E-06,2.07E-05,8.62E-05,0.000280852,0.005363016,1.79E-06,1.82E-05,6.54E-05,0.000123612,0.0007583,3.64E-09,2.01E-06,5.72E-05,3.90E-04,7.98E-04,0.002934868,1.29E-08,2.81E-07,8.26E-07,1.97E-06,1.81E-05,,,,,,1.39E-09,2.68E-07,2.80E-06,3.67E-06,4.57E-06,1.19E-05,1.96E-06,2.44E-05,3.60E-05,4.83E-05,1.33E-04,1.41E-06,1.21E-05,6.65E-05,6.63E-05,7.63E-05,1.45E-04,,,,,,,4.20E-12,8.45E-11,4.82E-10,2.01E-09,6.53E-09,1.25E-07,7.95E-11,8.06E-10,2.91E-09,5.49E-09,3.37E-08,1.11E-09,6.15E-07,1.75E-05,1.19E-04,2.44E-04,0.000897572,0.00012232,0.000897876,6.22E-07,6.14E-06,3.91E-05,4.35E-05,5.29E-05,1.12E-09,6.15E-07,1.75E-05,0.000119205,0.000244178,0.008220939,0.006220658,7.66E-06,8.18E-05,0.00056589,0.00068996,0.000936539,1.85E-07,7.58E-06,0.000100809,0.000590513,0.001445296,0.02114734,0.009316142,0.043990365,0.092647664,0.128950055,0.15335043,0.153167191,0.000104205,0.000770261,0.006575627,0.032751494,0.077068393,0.147304144
1988,0.00051815,,,,,,,,0.002653022,,0.002556466,0.00676994,1.30641,0.005209436,0.494639,0.026598458,,,,0.001769858,0.009783546,,0.013247723,0.017853725,1.42013,0.018612926,0.09052219,,,,,0.8655,1.23897015,0.6051691,1,0.533845397,1.270586119,0.312646217,0.753154918,1.31568116,0.681110621,0.881330036,0.773012229,1.372754413,0.003501579,0.014643316,0.016,0.016,0.016,0.016,0.016,0,0,0,0,0,0.076,0.077,0.077,0.077,0.077,0.077,0.102,0.101,0.101,0.102,0.101,0.114,0.114,0.114,0.114,0.114,0.114,0,0,0,0,0,0,2.65E-05,2.65E-05,2.65E-05,2.65E-05,2.65E-05,2.65E-05,4.15E-05,4.15E-05,4.15E-05,4.15E-05,4.15E-05,2.27E-01,2.27E-01,2.27E-01,2.27E-01,2.27E-01,0.22688089,0.33,0.33,0.14,0.14,0.14,0.23,0.73,0.1,0.13,8.65E-07,5.51E-06,4.89E-05,7.86E-05,0.000869693,2.20E-08,2.60E-07,4.46E-06,1.40E-05,0.000511796,1.16E-08,5.05E-06,1.55E-05,6.12E-05,5.15E-05,0.000159976,2.92E-05,1.07E-04,0.000474131,0.000431214,0.001409174,7.09E-06,1.37E-04,0.000221989,0.000669991,0.000518816,0.001168703,2.15E-10,5.34E-08,1.70E-06,2.73E-05,0.000171924,3.44E-03,1.03E-07,2.07E-06,1.03E-05,4.90E-05,0.00016011,0.003063252,2.13E-06,1.88E-05,7.75E-05,0.000146949,0.000906035,8.62E-09,4.74E-06,1.17E-04,9.15E-04,1.88E-03,0.006965668,1.41E-08,8.99E-08,7.98E-07,1.28E-06,1.42E-05,,,,,,9.60E-10,4.20E-07,1.28E-06,5.08E-06,4.28E-06,1.33E-05,3.30E-06,1.20E-05,5.35E-05,4.87E-05,1.59E-04,9.10E-07,1.77E-05,2.86E-05,8.60E-05,6.66E-05,1.50E-04,,,,,,,2.74E-12,5.49E-11,2.72E-10,1.30E-09,4.24E-09,8.11E-08,8.83E-11,7.78E-10,3.21E-09,6.09E-09,3.76E-08,2.53E-09,1.39E-06,3.44E-05,2.68E-04,5.52E-04,0.002044157,0.000110111,0.002044403,3.67E-07,8.11E-06,1.50E-05,4.99E-05,4.07E-05,2.53E-09,1.39E-06,3.44E-05,0.000268471,0.000551573,0.00883062,0.00591929,4.73E-06,0.000114301,0.000231172,0.000845641,0.000762517,1.13E-07,9.17E-06,0.000152408,0.001103863,0.002430844,0.011636725,0.00913172,0.043083366,0.090426299,0.124911152,0.146372281,0.13164594,6.36E-05,0.000937362,0.011504437,0.061828143,0.1305998,0.161764929
1989,0.002163482,,,,,,,,0.001668071,,0.003619081,0.002798321,1.15366,0.006483324,0.31899,0.026009664,,,,0.001764521,0.009766275,,0.013095283,0.014871009,1.66829,0.01691567,0.082526039,,,,,1.156,1.1114709,0.5299024,1,0.864090387,1.402637709,0.781759388,0.807510802,1.244423107,1.343053393,1.413095172,0.920523456,3.198405293,0.004511518,0.027199875,0.042,0.012,0.04,0.013,0.022,0,0,0,0,0,0.144,0.144,0.144,0.144,0.144,0.144,0.16,0.161,0.161,0.161,0.16,0.129,0.129,0.129,0.129,0.129,0.129,0,0,0,0,0,0,2.08E-05,2.08E-05,2.08E-05,2.08E-05,2.08E-05,2.08E-05,3.80E-05,3.80E-05,3.80E-05,3.80E-05,3.80E-05,2.26E-01,2.26E-01,2.26E-01,2.26E-01,2.26E-01,0.225677038,0.33,0.33,0.14,0.14,0.14,0.14,1,0.2,0.13,7.28E-07,1.05E-05,2.73E-05,0.000131892,0.001160124,1.18E-08,3.14E-07,1.57E-06,1.49E-05,0.000438703,8.36E-08,5.49E-06,3.78E-05,4.37E-05,0.000110991,0.000264597,1.61E-05,1.32E-04,0.000171547,0.000469928,0.00117862,3.54E-05,1.03E-04,0.000376052,0.000331538,0.00077327,0.001309395,4.21E-10,1.05E-07,3.30E-06,4.48E-05,0.000308832,0.006214727,1.64E-07,3.29E-06,1.62E-05,6.51E-05,0.000233034,0.004503058,2.54E-06,2.22E-05,7.74E-05,0.000160691,0.000992197,2.03E-08,1.12E-05,2.74E-04,1.81E-03,4.07E-03,0.014919176,3.17E-08,1.26E-07,1.14E-06,1.77E-06,2.58E-05,,,,,,1.41E-08,9.25E-07,6.36E-06,7.37E-06,1.87E-05,4.46E-05,3.07E-06,2.53E-05,3.28E-05,8.99E-05,2.25E-04,5.24E-06,1.53E-05,5.57E-05,4.92E-05,1.15E-04,1.94E-04,1.73E-14,4.30E-12,1.36E-10,1.84E-09,1.27E-08,,3.42E-12,6.85E-11,3.37E-10,1.36E-09,4.85E-09,9.38E-08,9.66E-11,8.44E-10,2.94E-09,6.11E-09,3.77E-08,5.93E-09,3.26E-06,7.99E-05,5.27E-04,1.19E-03,0.004348205,0.000150263,0.004348592,2.35E-06,7.76E-06,3.18E-05,3.06E-05,7.45E-05,5.93E-09,3.26E-06,7.99E-05,0.000526918,0.001185503,0.012666606,0.006802719,2.01E-05,8.01E-05,0.000386641,0.000428162,0.001189519,1.86E-07,1.76E-05,0.000326328,0.002064343,0.004925639,0.011632756,0.009306883,0.048047393,0.106833915,0.153006743,0.183473639,0.173455452,0.000105232,0.001797054,0.024919515,0.138816609,0.291187933,0.329591428
1990,0.000781677,,,,,,,,0.007154107,,0.002389811,0.004074697,1.0249,0.002720072,0.724294,0.026260246,0.313786,0.822822,,0.001684088,0.009740441,,0.013132824,0.01531846,0.688085,0.015141443,0.074314521,,,,,0.930666667,0.9642478,0.4533843,1,0.810605444,2.066400371,0.457559192,0.330007638,0.747994066,0.985705008,1.099335817,0.591791724,1.136072528,0.004174408,0.014279804,0.032,0.032,0.032,0.032,0.032,0,0,0,0,0,0.375,0.375,0.376,0.375,0.375,0.375,0.389,0.388,0.388,0.388,0.388,0.142,0.142,0.142,0.142,0.142,0.142,0.132,0.132,0.132,0.132,0.132,0.132,1.63E-01,1.63E-01,1.63E-01,1.63E-01,0.162835214,1.63E-01,2.86E-01,2.86E-01,2.86E-01,2.86E-01,0.286186955,6.38E-01,6.38E-01,6.38E-01,6.38E-01,6.38E-01,0.637723014,0.33,0.33,0.14,0.14,0.14,0.23,0.71,0.11,0.13,1.67E-06,4.07E-06,3.79E-05,5.51E-05,0.001149952,3.76E-08,1.95E-07,3.24E-06,9.01E-06,0.000622831,1.92E-08,5.70E-06,7.30E-06,4.29E-05,3.61E-05,0.000212732,7.25E-06,1.18E-05,7.54E-05,6.74E-05,0.000416524,1.08E-05,1.17E-04,8.33E-05,0.000432238,0.000352926,0.001524566,7.00E-11,1.83E-08,6.03E-07,1.05E-05,9.66E-05,4.23E-03,5.81E-08,1.22E-06,6.01E-06,2.49E-05,8.14E-05,2.95E-03,2.49E-07,2.18E-06,8.93E-06,3.40E-05,0.00067368,1.17E-08,6.76E-06,1.48E-04,4.08E-04,5.75E-04,0.004740854,5.54E-08,1.35E-07,1.25E-06,1.82E-06,3.81E-05,,,,,,1.15E-08,3.42E-06,4.40E-06,2.58E-05,2.16E-05,1.28E-04,4.61E-06,7.46E-06,4.78E-05,4.28E-05,2.64E-04,1.78E-06,1.92E-05,1.37E-05,7.13E-05,5.83E-05,0.000251527,1.06E-11,2.77E-09,9.16E-08,1.60E-06,1.47E-05,6.42E-04,1.13E-08,2.37E-07,1.17E-06,4.84E-06,1.58E-05,5.75E-04,9.97E-08,8.75E-07,3.58E-06,1.36E-05,0.000270097,2.07E-08,1.19E-05,2.60E-04,7.18E-04,1.01E-03,0.008345415,0.000440787,0.009832379,2.07E-06,2.53E-05,2.02E-05,0.00010864,9.03E-05,3.20E-08,1.22E-05,0.000262574,0.000728342,0.001056111,0.015598465,0.007541592,4.35E-06,6.54E-05,6.32E-05,0.000380332,0.000367263,8.07E-08,9.98E-06,0.000191872,0.000550819,0.000935815,0.004738919,0.005561455,0.009141641,0.026458155,0.093339919,0.135019636,0.158963004,4.79E-05,0.001024557,0.014610131,0.035957864,0.061804873,0.192153612
1991,0.000954515,,,,,,3.236941243,,0.002581252,,0.010446245,0.002769164,0.750756,0.003997972,0.712406,0.023329127,0.313499,0.641638,,0.001675655,0.009295941,,0.013090348,0.015401767,0.518897,0.016285107,0.071594024,,,,,1.237833333,0.9794225,0.4525365,1,0.712263943,1.639509478,0.030985952,0.28895381,1.412881489,0.767060442,1.512628309,0.873860696,1.312288109,0.003680067,0.015456145,0.049,0.049,0.049,0.049,0.049,0,0,0,0,0,0.065,0.065,0.065,0.065,0.065,0.065,0.194,0.194,0.194,0.194,0.194,0.184,0.184,0.184,0.184,0.184,0.184,0.139,0.139,0.139,0.1393,0.139,0.139,1.73E-01,1.73E-01,1.73E-01,1.73E-01,0.173264167,1.73E-01,2.98E-01,2.98E-01,2.98E-01,0.298240315,0.298240315,6.45E-01,6.45E-01,6.45E-01,6.45E-01,6.45E-01,0.645374603,0.33,0.33,0.14,0.14,0.14,0.23,0.71,0.11,0.13,6.99E-07,2.06E-05,2.98E-05,9.39E-05,0.001225355,1.22E-08,7.69E-07,1.98E-06,1.19E-05,0.000537054,1.63E-08,1.43E-06,2.23E-05,2.04E-05,3.70E-05,1.23E-04,3.87E-06,7.62E-05,7.59E-05,1.47E-04,0.000510802,1.34E-05,4.28E-05,0.000370148,0.000298588,0.000527471,0.00120393,5.54E-11,1.39E-08,4.78E-07,8.41E-06,8.27E-05,3.22E-03,8.15E-08,1.64E-06,8.45E-06,3.53E-05,0.000123462,3.95E-03,3.56E-07,3.26E-06,1.35E-05,5.48E-05,0.000970842,1.33E-08,7.36E-06,1.68E-04,4.68E-04,7.06E-04,0.005294332,3.60E-08,1.06E-06,1.53E-06,4.84E-06,6.32E-05,,,,,,1.13E-09,9.95E-08,1.55E-06,1.42E-06,2.58E-06,8.55E-06,9.32E-07,1.84E-05,1.82E-05,3.53E-05,1.23E-04,3.02E-06,9.63E-06,8.36E-05,6.74E-05,0.000119102,0.000271847,8.97E-12,2.24E-09,7.74E-08,1.36E-06,1.34E-05,5.22E-04,1.71E-08,3.43E-07,1.77E-06,7.39E-06,2.59E-05,8.28E-04,1.51E-07,1.39E-06,5.72E-06,2.33E-05,0.000412598,2.43E-08,1.34E-05,3.06E-04,8.52E-04,1.28E-03,0.009635033,0.000644268,0.011396784,5.92E-06,1.96E-05,0.000176953,0.000145307,0.000259582,4.14E-08,1.39E-05,0.000309445,0.000866471,0.001346663,0.016583534,0.009123884,1.05E-05,3.74E-05,0.000372339,0.000329348,0.000656945,1.10E-07,1.14E-05,0.000222065,0.000643286,0.001159202,0.010639234,0.011048897,0.014470527,0.035643289,0.118934162,0.164319595,0.157745596,6.58E-05,0.001224295,0.016964038,0.041767018,0.071181696,0.215885969
1992,0.001090182,,1.888883836,,0.012670531,0.170051869,0.798934599,,0.003141491,,0.003743388,0.01185327,0.714074,0.002603434,0.788258,0.02134144,0.561417,0.510906,,0.001663788,0.009248772,,0.012478556,0.015299495,0.395156,0.016285058,0.070006416,,,,,0.931,0.83527415,0.449105,1,0.7243875,1.911353839,0.153361426,1.25072683,1.395581691,0.675820148,1.302112565,1.030851494,1.551769646,0.004325776,0.015496664,0.034,0.034,0.034,0.034,0.034,0,0,0,0,0,0.128,0.128,0.128,0.128,0.128,0.128,0.133,0.133,0.133,0.133,0.133,0.195,0.195,0.195,0.195,0.195,0.195,0.146,0.146,0.146,0.146,0.1457,0.146,1.83E-01,1.83E-01,1.83E-01,0.182601868,0.182601868,0.182601868,3.05E-01,3.05E-01,3.05E-01,3.05E-01,0.304824525,6.48E-01,6.48E-01,6.48E-01,6.48E-01,6.48E-01,0.647852029,0.33,0.33,0.14,0.14,0.14,0.23,0.71,0.11,0.13,9.57E-07,8.28E-06,0.000143584,6.88E-05,0.001262787,1.37E-08,2.54E-07,7.85E-06,7.21E-06,0.000459293,1.74E-08,1.62E-06,7.44E-06,8.11E-05,2.25E-05,1.03E-04,1.48E-05,8.61E-05,0.001026005,0.000301994,0.001450916,1.08E-05,3.68E-05,9.39E-05,0.000905652,0.000243545,0.000758191,4.91E-11,1.23E-08,4.07E-07,7.46E-06,7.39E-05,2.78E-03,7.08E-08,1.43E-06,7.05E-06,3.06E-05,0.00010802,0.003302235,4.19E-07,3.69E-06,1.58E-05,6.49E-05,0.001120647,1.55E-08,8.57E-06,1.88E-04,5.45E-04,8.26E-04,0.006127039,3.35E-08,2.92E-07,5.04E-06,2.42E-06,4.45E-05,,,,,,2.54E-09,2.38E-07,1.09E-06,1.19E-05,3.31E-06,1.52E-05,2.28E-06,1.32E-05,0.000157383,4.64E-05,0.000222563,2.62E-06,8.92E-06,2.27E-05,0.000219303,5.90E-05,0.000183595,8.37E-12,2.10E-09,6.94E-08,1.27E-06,1.26E-05,4.74E-04,1.58E-08,3.19E-07,1.58E-06,6.84E-06,2.41E-05,0.0007377,1.84E-07,1.62E-06,6.95E-06,2.85E-05,0.000491388,2.85E-08,1.58E-05,3.46E-04,1.00E-03,1.52E-03,0.011272008,0.000447455,0.012974925,3.58E-06,1.41E-05,4.19E-05,0.000427804,0.000118521,4.44E-08,1.63E-05,0.000348782,0.001016978,0.00158538,0.016040419,0.008060357,1.00E-05,4.79E-05,0.000169333,0.001878192,0.000572761,1.01E-07,1.27E-05,0.000245609,0.000735939,0.001295851,0.010815879,0.009204987,0.015258052,0.045235167,0.158453452,0.220001941,0.202693716,6.09E-05,0.00137764,0.01968246,0.048102163,0.079572996,0.221360621
1993,0.003004087,,,,,,5.915188856,,0.003583359,,0.004531101,0.004157133,0.724932,0.010716955,1.00115,0.017820464,0.649394,0.670142,0.441332,0.001485993,0.009183703,,0.012440579,0.014634487,0.603624,0.016200638,0.067892461,0.9785,0.72133,0.73115,,1.104666667,1.12626,0.4544743,1,0.966685526,1.577217858,0.242255538,1.15521944,1.833275778,0.496828482,2.482655649,1.406487139,1.056170713,0.004167413,0.015778425,0.034,0.034,0.034,0.034,0.034,0.041,0.024,0.037,0.018,0.022,0.155,0.155,0.156,0.155,0.155,0.156,0.164,0.163,0.164,0.164,0.164,0.204,0.204,0.204,0.204,0.204,0.204,0.151,0.151,0.151,0.1508,0.1508,0.1508,1.91E-01,1.91E-01,1.91E-01,1.91E-01,0.190833294,0.190833294,3.08E-01,3.08E-01,3.08E-01,0.308327819,0.308327819,6.48E-01,6.48E-01,6.48E-01,6.48E-01,6.48E-01,0.648198327,0.33,0.34,0.14,0.14,0.14,0.23,0.71,0.11,0.13,1.42E-06,1.31E-05,6.57E-05,0.000369858,0.001397626,1.92E-08,3.78E-07,3.39E-06,3.65E-05,0.000489956,8.68E-08,3.36E-06,1.63E-05,5.19E-05,0.00016844,1.51E-04,1.29E-05,7.96E-05,0.000274746,0.000949925,0.000890187,3.98E-05,5.62E-05,0.000152239,0.000425899,0.001345341,0.000783491,3.25E-11,9.06E-09,3.01E-07,5.28E-06,5.44E-05,0.001986612,1.22E-07,2.74E-06,1.36E-05,5.66E-05,0.000207532,0.006082273,5.68E-07,5.01E-06,2.07E-05,8.81E-05,0.001487899,9.35E-09,5.75E-06,1.26E-04,3.52E-04,5.55E-04,0.004064838,4.95E-08,4.56E-07,2.28E-06,1.29E-05,4.86E-05,8.20E-10,9.47E-09,1.30E-07,6.71E-07,1.08E-05,1.59E-08,6.16E-07,3.01E-06,9.51E-06,3.09E-05,2.78E-05,2.53E-06,1.56E-05,5.38E-05,0.000185695,0.000174017,1.02E-05,1.44E-05,3.90E-05,0.00010901,0.000344345,0.000200537,5.77E-12,1.61E-09,5.34E-08,9.38E-07,9.66E-06,0.000352677,2.88E-08,6.45E-07,3.20E-06,1.33E-05,4.89E-05,0.001434439,2.53E-07,2.23E-06,9.21E-06,3.93E-05,0.000663263,1.72E-08,1.06E-05,2.33E-04,6.48E-04,1.02E-03,0.007489507,0.000442882,0.009939886,1.48E-05,2.29E-05,6.87E-05,0.000199851,0.000644762,4.61E-08,1.15E-05,0.000238433,0.000671485,0.001120436,0.015583423,0.008777984,3.56E-05,6.61E-05,0.000237619,0.000758789,0.002728985,1.54E-07,1.09E-05,0.000178414,0.000529968,0.001080543,0.008149143,0.011849639,0.018457364,0.052441688,0.182527066,0.254641853,0.233855482,0.000103821,0.001190489,0.014341295,0.036213654,0.06669756,0.232403193
1994,0.002037806,,1.486253334,,,1.249314397,0.079668136,,0.009877308,,0.005188953,0.00511665,0.755984,0.003802693,1.10043,0.021805753,0.587437,0.377872,0.106623,0.002571206,0.008202639,,0.012355675,0.014631052,0.600325,0.015607472,0.067080676,0.7235,0.638374,0.716,,1.119666667,1.09463355,0.5678587,1,0.78422546,1.058298156,0.28471773,0.609347725,1.372740158,0.504580811,1.613588895,1.706827311,1.080339855,0.004386466,0.013638991,0.033,0.033,0.033,0.033,0.033,0.017,0.023,0.033,0.054,0.024,0.278,0.278,0.277,0.278,0.278,0.278,0.284,0.284,0.284,0.283,0.284,0.25,0.25,0.25,0.25,0.25,0.25,0.154,0.154,0.154,0.1535,0.1535,0.154,1.96E-01,1.96E-01,1.96E-01,1.96E-01,0.196287577,0.196287577,3.08E-01,3.08E-01,3.08E-01,0.308254462,0.308254462,6.47E-01,0.647416363,6.47E-01,6.47E-01,6.47E-01,0.647416363,0.33,0.33,0.14,0.14,0.14,0.23,0.71,0.11,0.13,4.10E-06,1.57E-05,8.44E-05,0.000136864,0.001608468,4.94E-08,4.03E-07,3.88E-06,1.20E-05,0.000447361,4.54E-08,7.14E-06,1.45E-05,4.90E-05,4.59E-05,0.000173132,2.13E-05,5.46E-05,0.000202345,0.000201511,0.000794549,1.88E-05,0.00010782,0.000121209,0.000363926,0.000331123,0.000976913,5.74E-11,8.26E-09,3.05E-07,5.39E-06,5.35E-05,1.99E-03,1.39E-07,1.61E-06,8.86E-06,3.72E-05,0.000131359,0.003888437,6.13E-07,6.02E-06,2.50E-05,0.000102612,0.001787987,1.65E-08,5.23E-06,1.28E-04,3.59E-04,5.45E-04,0.004127184,1.41E-07,5.40E-07,2.91E-06,4.71E-06,5.54E-05,8.36E-10,9.66E-09,1.32E-07,6.84E-07,1.10E-05,1.74E-08,2.74E-06,5.55E-06,1.89E-05,1.76E-05,6.65E-05,8.46E-06,2.17E-05,8.01E-05,7.97E-05,0.000314497,6.28E-06,3.59E-05,4.04E-05,0.000121237,0.000110308,0.000325444,1.04E-11,1.50E-09,5.53E-08,9.78E-07,9.71E-06,3.62E-04,3.39E-08,3.92E-07,2.16E-06,9.08E-06,3.21E-05,0.000949658,2.73E-07,2.68E-06,1.11E-05,4.57E-05,0.00079676,3.03E-08,9.61E-06,2.35E-04,6.59E-04,1.00E-03,0.007578362,0.000950288,0.009686467,1.33E-05,8.31E-05,0.000102355,0.000318166,0.00029486,6.42E-08,1.03E-05,0.000240074,0.000679694,0.001088748,0.01676608,0.00833986,2.01E-05,0.000147122,0.000214112,0.000731715,0.000764342,1.84E-07,9.03E-06,0.000175964,0.000520489,0.000994257,0.004698012,0.009844695,0.014894933,0.041263054,0.143006711,0.201000157,0.201160951,7.14E-05,0.001101066,0.014241576,0.035574299,0.063703937,0.203322203
1995,0.001513889,,1.098535073,,0.722007935,0.261228616,0.396056288,,0.006664223,,0.014098008,0.005587987,0.801118,0.004467459,1.57506,0.019011467,0.781043,0.480695,0.294751,0.000598696,0.014192938,,0.0110304,0.014515186,0.737494,0.015589378,0.06707158,0.7742,0.53717,0.78864,,1.2795,0.87614775,0.4830484,1,0.71583472,1.049778295,0.260693348,1.091706138,2.300852858,0.481231696,1.422823528,1.965099556,1.173674545,0.005086624,0.014040274,0.033,0.032,0.032,0.032,0.032,0.022,0.008,0.027,0.042,0.023,0.365,0.365,0.365,0.365,0.364,0.365,0.346,0.346,0.346,0.346,0.346,0.188,0.188,0.188,0.188,0.188,0.188,0.152,0.152,0.152,0.1524,0.1524,0.152,1.96E-01,1.96E-01,1.96E-01,0.195803066,0.195803066,0.195803066,3.04E-01,3.04E-01,3.04E-01,0.30398941,0.30398941,6.44E-01,0.643576543,0.643576543,6.44E-01,6.44E-01,0.643576543,0.33,0.34,0.14,0.14,0.14,0.23,0.71,0.11,0.13,3.15E-06,4.86E-05,0.000105572,0.000184556,0.001674969,3.69E-08,1.21E-06,4.71E-06,1.57E-05,0.000464153,2.92E-08,4.18E-06,3.41E-05,4.66E-05,4.71E-05,0.00012439,1.96E-05,0.000202293,0.000302447,0.000324616,0.000903177,2.22E-05,0.000115818,0.000524634,0.000635462,0.000623128,0.001238242,1.29E-11,1.38E-08,2.64E-07,5.18E-06,5.18E-05,1.94E-03,2.91E-08,2.50E-06,7.11E-06,3.32E-05,0.000117927,0.003503587,1.23E-06,6.24E-06,2.88E-05,0.000119166,0.002106576,4.28E-09,1.01E-05,0.000127479,3.97E-04,6.07E-04,0.004606367,1.06E-07,1.62E-06,3.53E-06,6.17E-06,5.61E-05,8.34E-10,9.64E-09,1.32E-07,6.83E-07,1.10E-05,1.68E-08,2.40E-06,1.96E-05,2.68E-05,2.70E-05,7.15E-05,1.04E-05,1.07E-04,0.000159963,0.000171688,0.000477687,5.14E-06,2.68E-05,0.000121395,0.00014704,0.000144186,0.000286517,2.33E-12,2.49E-09,4.74E-08,9.31E-07,9.31E-06,3.49E-04,7.08E-09,6.08E-07,1.73E-06,8.07E-06,2.87E-05,0.000853041,5.39E-07,2.73E-06,1.26E-05,5.20E-05,0.000920068,7.74E-09,1.82E-05,0.000230182,7.16E-04,1.10E-03,0.008317493,0.001587719,0.010439898,1.94E-05,0.000111765,0.000563945,0.000712038,0.000713575,1.48E-08,1.94E-05,0.000234688,0.000737869,0.001186594,0.014807511,0.008116363,2.59E-05,0.000168526,0.000965601,0.001303567,0.001415437,3.94E-08,1.67E-05,0.000172843,0.000565166,0.001068369,0.003081552,0.017116088,0.025288184,0.068492029,0.233280275,0.316832754,0.267555561,6.58E-05,0.001178469,0.015669726,0.038936194,0.068531835,0.209332685
1996,0.003767835,1.09144,1.730344175,0.201039098,,0.465289555,0.068536056,,0.004973508,,0.009635009,0.01584059,1.11446,0.004973177,1.35756,0.017248732,0.928997,0.504331,0.797571,0.003763987,0.003305569,,0.019163423,0.013077528,0.635719,0.015671331,0.068845265,1.0397,0.754499,0.49072,,1.225666667,0.77161005,0.4456412,1,0.616063556,0.974242305,0.163510825,1.465000753,0.97554788,0.385272259,1.711511521,1.080057171,0.362779025,0.003807639,0.009603459,0.032,0.032,0.032,0.032,0.032,0.028,0.011,0.009,0.036,0.024,0.209,0.208,0.209,0.208,0.208,0.208,0.217,0.217,0.217,0.217,0.217,0.208,0.208,0.209,0.208,0.208,0.208,0.151,0.151,0.151,0.1509,0.1509,0.151,1.94E-01,1.94E-01,1.94E-01,0.194418825,0.194418825,0.194418825,3.02E-01,3.02E-01,3.02E-01,0.301829983,0.301829983,6.49E-01,6.49E-01,0.649021646,6.49E-01,6.49E-01,0.649021646,0.33,0.33,0.14,0.14,0.14,0.23,0.71,0.11,0.13,2.43E-06,3.43E-05,0.00030716,0.000210483,0.001573421,3.03E-08,9.10E-07,1.46E-05,1.91E-05,0.000471217,4.87E-08,2.09E-06,1.56E-05,8.83E-05,3.49E-05,7.40E-05,1.46E-05,0.000137725,0.00085084,0.000357967,0.000797996,2.55E-05,3.98E-05,0.000165008,0.000825855,0.000317443,0.000498241,6.40E-11,2.54E-09,3.60E-07,3.67E-06,4.09E-05,1.57E-03,2.16E-07,6.88E-07,1.46E-05,3.53E-05,0.000140126,0.004252266,1.54E-07,5.82E-06,1.39E-05,6.42E-05,0.001168106,8.13E-09,7.10E-07,6.69E-05,1.08E-04,1.84E-04,0.001420829,8.12E-08,1.15E-06,1.03E-05,7.05E-06,5.28E-05,8.70E-10,1.01E-08,1.37E-07,7.12E-07,1.14E-05,1.29E-08,5.50E-07,4.10E-06,2.32E-05,9.18E-06,1.95E-05,4.03E-06,3.81E-05,0.000235177,9.89E-05,0.00022057,6.69E-06,1.05E-05,4.35E-05,0.000217548,8.36E-05,0.000131247,1.14E-11,4.51E-10,6.40E-08,6.52E-07,7.27E-06,2.79E-04,5.22E-08,1.66E-07,3.53E-06,8.52E-06,3.38E-05,0.001026241,6.66E-08,2.52E-06,6.02E-06,2.78E-05,0.000504991,1.50E-08,1.31E-06,0.000123623,1.99E-04,3.41E-04,0.002627366,0.000587794,0.004437358,1.26E-05,2.54E-05,0.000135028,0.000739029,0.000297579,6.72E-08,1.55E-06,0.000129729,0.000214623,0.00040941,0.017075423,0.006656832,2.34E-05,6.34E-05,0.000412694,0.002465938,0.00110042,2.63E-07,1.85E-06,0.000106658,0.000193788,0.00050288,0.003610492,0.006204713,0.012743821,0.042832773,0.155672092,0.221271015,0.220748904,7.00E-05,0.000560346,0.005565716,0.014818416,0.032089162,0.13949338
1997,0.002140465,0.36831,0.439194843,,0.581577392,0.379643588,0.258478841,,0.012441462,,0.007238445,0.010990498,1.15076,0.014922411,1.23247,0.017293754,0.905397,0.642236,0.446982,0.000880824,0.02078129,,0.004461903,0.022783572,0.400376,0.014227916,0.071772105,0.9069,0.974145,0.56474,,1.209333333,0.84583215,0.5551662,1,0.538277833,0.88174593,0.128964384,0.875320754,1.632845269,0.385344076,1.628252216,1.231367748,0.446685698,0.003364667,0.010841473,0.033,0.033,0.033,0.033,0.033,0.012,0.015,0.014,0.012,0.025,0.209,0.209,0.209,0.209,0.209,0.209,0.205,0.205,0.205,0.205,0.205,0.196,0.195,0.195,0.195,0.195,0.195,0.149,0.149,0.149,0.1494,0.1494,0.149,1.93E-01,1.93E-01,1.93E-01,0.192922448,0.192922448,0.192922448,3.05E-01,3.05E-01,3.05E-01,0.305333427,0.305333427,6.54E-01,0.653638105,6.54E-01,6.54E-01,6.54E-01,0.653638105,0.33,0.33,0.14,0.14,0.14,0.23,0.71,0.11,0.13,5.25E-06,2.23E-05,0.000184562,0.000546872,0.001347567,7.44E-08,6.72E-07,9.98E-06,5.64E-05,0.000451869,2.29E-08,4.32E-06,9.67E-06,5.06E-05,8.65E-05,6.27E-05,4.22E-05,1.19E-04,0.000681442,0.001239693,0.000944238,1.62E-05,0.00011123,0.00013848,0.0006402,0.001064065,0.000581386,1.56E-11,1.66E-08,8.75E-08,6.67E-06,3.87E-05,1.71E-03,5.02E-08,4.29E-06,3.37E-06,6.10E-05,0.000126152,0.004416856,1.15E-06,1.60E-06,2.87E-05,6.90E-05,0.001453761,2.44E-09,5.73E-06,2.00E-05,2.41E-04,2.15E-04,0.001897495,1.80E-07,7.64E-07,6.33E-06,1.87E-05,4.62E-05,8.70E-10,1.00E-08,1.37E-07,7.12E-07,1.14E-05,6.04E-09,1.14E-06,2.55E-06,1.33E-05,2.29E-05,1.66E-05,1.09E-05,3.07E-05,0.000175613,0.000319478,0.000243338,3.93E-06,2.70E-05,3.36E-05,0.000155461,0.000258389,0.000141179,2.74E-12,2.92E-09,1.54E-08,1.17E-06,6.81E-06,3.01E-04,1.20E-08,1.02E-06,8.06E-07,1.46E-05,3.02E-05,0.001055798,5.04E-07,7.05E-07,1.26E-05,3.03E-05,0.000638985,4.61E-09,1.08E-05,3.77E-05,4.55E-04,4.05E-04,0.003580864,0.000605071,0.005576509,1.13E-05,8.56E-05,0.000118903,0.000573935,0.000977245,1.66E-08,1.23E-05,3.92E-05,0.000483334,0.000472177,0.015615339,0.006741985,2.10E-05,0.000185105,0.000301012,0.001582104,0.002992941,6.17E-08,1.34E-05,3.06E-05,0.000409183,0.00052794,0.003384363,0.009796265,0.014878096,0.041585155,0.143951976,0.200566823,0.19455967,7.01E-05,0.000643896,0.006865767,0.017959543,0.037105898,0.151054125
1998,0.001141219,0.19839,0.429550323,,0.516957682,0.083688251,0.168648759,,0.006994777,,0.017700028,0.007694113,1.11787,0.009408095,1.56502,0.023760401,1.54411,0.952617,,0.000486986,0.004863084,,0.028033731,0.005296022,0.522122,0.024757503,0.073300914,0.9552,,0.51855,,1.2115,0.77470625,0.4767264,1,0.83962429,1.15425298,0.362159307,1.620556853,2.847441392,0.309522588,1.416698414,0.503398341,0.610984368,0.008030103,0.00975227,0.027,0.027,0.027,0.027,0.027,0.014,0.004,0.013,0.014,0.016,0.291,0.292,0.292,0.292,0.292,0.292,0.249,0.249,0.249,0.249,0.249,0.174,0.175,0.175,0.175,0.175,0.175,0.152,0.152,0.152,0.1516,0.1516,0.1516,1.94E-01,1.94E-01,1.94E-01,0.193960881,0.193960881,0.193960881,3.02E-01,3.02E-01,3.02E-01,0.301836727,0.301836727,6.46E-01,0.64606759,0.64606759,6.46E-01,6.46E-01,0.64606759,0.33,0.33,0.14,0.14,0.14,0.23,0.71,0.11,0.13,4.54E-06,8.39E-05,0.000199873,0.000534912,0.002602763,6.27E-08,2.47E-06,1.05E-05,5.37E-05,0.000746108,2.22E-08,4.42E-06,4.31E-05,6.48E-05,0.000100195,0.000184169,3.50E-05,0.000431553,0.000708352,0.001163909,0.002247931,1.27E-05,9.24E-05,0.000500771,0.000665918,0.000999674,0.001551432,6.70E-12,3.02E-09,4.26E-07,1.20E-06,5.23E-05,0.001376697,2.32E-08,8.39E-07,1.77E-05,1.19E-05,0.000183519,0.003849113,1.05E-07,3.95E-06,2.61E-06,4.71E-05,0.000590755,1.81E-09,1.79E-06,0.000167837,7.50E-05,4.99E-04,0.002575601,1.27E-07,2.35E-06,5.58E-06,1.49E-05,7.27E-05,9.05E-10,1.05E-08,1.43E-07,7.41E-07,1.19E-05,9.13E-09,1.82E-06,1.78E-05,2.67E-05,4.13E-05,7.59E-05,1.16E-05,0.000143397,0.000235373,0.000386746,0.000746947,2.69E-06,1.96E-05,0.000106035,0.000141004,0.000211674,0.000328505,1.20E-12,5.39E-10,7.61E-08,2.15E-07,9.34E-06,0.000245978,5.58E-09,2.02E-07,4.26E-06,2.85E-06,4.42E-05,0.00092623,4.55E-08,1.71E-06,1.13E-06,2.04E-05,0.000255401,3.30E-09,3.27E-06,0.000306369,1.37E-04,9.11E-04,0.004701497,0.00206502,0.006129106,1.09E-05,9.04E-05,0.000561894,0.000787385,0.001215687,8.88E-09,3.52E-06,0.000312415,0.000141029,0.000985319,0.019989802,0.007248166,1.97E-05,0.000186733,0.001327314,0.001994872,0.003356799,2.94E-08,3.32E-06,0.000233361,0.000110789,0.000937573,0.00291968,0.01729,0.026696026,0.07498939,0.259272557,0.356799031,0.337961583,6.04E-05,0.000682194,0.008324299,0.020919203,0.037870245,0.133044319
1999,0.002739663,0.54476,1.292251354,,0.789191822,0.430477987,0.457687693,,0.003721456,,0.009943145,0.018853475,1.3124,0.00634358,1.24018,0.022932354,1.07374,0.854247,,0.006163397,0.002688097,,0.006541909,0.033024824,0.530105,0.005678307,0.082329812,0.9968,,0.73992,,1.1575,0.67936515,0.4147578,1,0.710821033,1.152653828,0.413630327,1.750915668,2.555553314,0.472873028,1.997247242,1.250255668,1.18127973,0.006741322,0.016873457,0.027,0.027,0.027,0.027,0.027,0.025,0.007,0.005,0.019,0.015,0.284,0.284,0.284,0.284,0.284,0.284,0.254,0.255,0.255,0.255,0.255,0.151,0.15,0.15,0.15,0.15,0.15,0.15,0.15,0.15,0.1504,0.1504,0.15,1.93E-01,1.93E-01,1.93E-01,0.193453969,0.193453969,0.193453969,3.05E-01,3.05E-01,3.05E-01,0.305028288,0.305028288,6.65E-01,6.65E-01,0.664967559,0.664967559,6.65E-01,0.664967559,0.33,0.33,0.14,0.14,0.14,0.23,0.71,0.11,0.13,2.13E-06,4.16E-05,0.000431217,0.000317205,0.002276485,3.44E-08,1.43E-06,2.65E-05,3.73E-05,0.000776082,4.26E-08,1.87E-06,1.93E-05,0.000126495,5.37E-05,0.000138054,1.01E-05,0.000130623,0.000933656,0.00042167,0.001144584,3.07E-05,4.93E-05,0.000282127,0.001633719,0.000674111,0.001440737,1.25E-10,2.46E-09,1.46E-07,1.10E-05,1.77E-05,2.15E-03,4.01E-07,6.33E-07,5.65E-06,0.000101023,5.75E-05,0.005552492,1.40E-07,2.21E-06,3.92E-05,2.60E-05,0.00152843,4.10E-08,1.78E-06,7.02E-05,0.000837984,2.05E-04,0.005181721,5.83E-08,1.14E-06,1.18E-05,8.69E-06,6.22E-05,8.95E-10,1.03E-08,1.41E-07,7.32E-07,1.18E-05,1.69E-08,7.42E-07,7.65E-06,5.01E-05,2.13E-05,5.47E-05,3.42E-06,4.46E-05,0.000318912,0.000144031,0.00039096,5.44E-06,8.71E-06,4.98E-05,0.000288619,0.000119091,0.000254526,2.21E-11,4.35E-10,2.59E-08,1.95E-06,3.13E-06,3.81E-04,9.61E-08,1.52E-07,1.35E-06,2.42E-05,1.38E-05,0.001331792,6.13E-08,9.72E-07,1.72E-05,1.14E-05,0.00067084,8.13E-08,3.52E-06,0.000139327,0.001663218,4.08E-04,0.010284605,0.001131073,0.012668166,1.46E-05,2.72E-05,0.00018196,0.001116888,0.00047524,1.77E-07,3.74E-06,0.00014168,0.001706604,0.00043594,0.017945359,0.006678533,3.84E-05,8.42E-05,0.00065022,0.004280903,0.001978424,5.21E-07,3.13E-06,9.76E-05,0.001227045,0.0003718,0.003897728,0.014013024,0.02262249,0.065393782,0.227061747,0.311878224,0.293965559,8.45E-05,0.001163759,0.014913546,0.037155241,0.065477298,0.20494954
2000,0.002516114,0.54215,0.829123029,,1.099308961,0.162178986,0.435735355,,0.008997923,,0.005377214,0.01114761,1.02643,0.016820265,0.904305,0.02146107,1.10638,0.880201,,0.001271696,0.034020547,,0.003613303,0.007675509,0.403116,0.035101947,0.069112855,0.898,,0.99107,,1.084833333,0.66767245,0.3830912,1,0.815010403,1.225595786,0.291575796,0.860726636,1.762012393,0.552257939,1.385923993,1.57907517,1.142047315,0.004898382,0.015950537,0.066,0.066,0.066,0.066,0.066,0.015,0.019,0.013,0.011,0.021,0.21,0.21,0.209,0.21,0.21,0.21,0.194,0.194,0.194,0.194,0.194,0.118,0.118,0.118,0.118,0.118,0.118,0.153,0.153,0.153,0.1527,0.1527,0.1527,1.95E-01,1.95E-01,1.95E-01,0.195372956,0.195372956,0.195372956,3.09E-01,3.09E-01,3.09E-01,0.308634726,0.308634726,6.33E-01,6.33E-01,6.33E-01,6.33E-01,6.33E-01,0.63332991,0.33,0.34,0.14,0.14,0.14,0.23,0.71,0.11,0.13,5.37E-06,2.34E-05,0.000264699,0.000871855,0.002290765,7.53E-08,6.98E-07,1.41E-05,8.89E-05,0.000708053,4.33E-08,5.03E-06,1.16E-05,8.26E-05,0.000157116,0.000136159,2.27E-05,6.61E-05,0.000514656,0.001040759,0.000952904,2.93E-05,1.24E-04,0.000158853,0.001002803,0.001852749,0.001288503,3.39E-11,4.09E-08,1.06E-07,3.37E-06,0.000143553,0.002666871,6.41E-08,6.21E-06,2.42E-06,1.82E-05,0.000275711,0.004075082,2.50E-06,1.73E-06,1.29E-05,0.000227171,0.00198189,9.79E-09,2.60E-05,4.49E-05,2.26E-04,1.47E-03,0.005147126,3.78E-07,1.64E-06,1.86E-05,6.12E-05,1.61E-04,1.16E-09,1.34E-08,1.84E-07,9.51E-07,1.53E-05,1.15E-08,1.34E-06,3.07E-06,2.20E-05,4.17E-05,3.62E-05,5.46E-06,1.59E-05,1.24E-04,0.000250375,0.000229239,3.93E-06,1.66E-05,2.12E-05,0.000134106,0.00024777,0.000172314,6.10E-12,7.36E-09,1.92E-08,6.08E-07,2.59E-05,0.000480647,1.56E-08,1.51E-06,5.87E-07,4.42E-06,6.69E-05,0.000989478,1.12E-06,7.73E-07,5.76E-06,0.000101412,0.000884742,1.69E-08,4.50E-05,7.76E-05,3.90E-04,2.54E-03,0.008890359,0.000588807,0.011245227,9.16E-06,4.28E-05,6.09E-05,0.000401122,0.000759305,3.25E-08,4.76E-05,7.90E-05,0.000400511,0.002734775,0.019407229,0.006519082,2.40E-05,0.000132205,0.000223466,0.001625347,0.003504544,8.72E-08,4.19E-05,5.99E-05,0.000315164,0.002515496,0.004253677,0.009541964,0.014692856,0.041557922,0.145802314,0.208352464,0.228244997,6.86E-05,0.001231242,0.016566478,0.041060987,0.071662573,0.230789723
2001,0.002073382,0.69169,2.225897934,,0.284326453,0.297400997,0.202080165,,0.00825866,,0.013167888,0.006220118,0.657533,0.010250055,1.07785,0.028916261,1.59077,1.63911,,0.000627312,0.00702066,,0.045856349,0.004264804,0.804014,0.008224119,0.086887665,1.0563,,1.34704,0.86948,1.202166667,0.71867445,0.3713434,1,0.96199731,1.807103684,0.174770273,0.61910744,2.057246838,0.523784717,1.614499441,1.122368229,0.657368305,0.008056679,0.014560468,0.067,0.067,0.067,0.067,0.067,0.014,0.014,0.014,0.014,0.014,0.341,0.34,0.34,0.339,0.34,0.34,0.318,0.318,0.319,0.319,0.319,0.176,0.176,0.176,0.176,0.176,0.176,0.159,0.159,0.159,0.1588,0.1588,0.159,2.02E-01,2.02E-01,2.02E-01,2.02E-01,0.202154919,0.202154919,2.90E-01,2.90E-01,2.90E-01,0.289677317,0.289677317,6.39E-01,0.639120852,6.39E-01,6.39E-01,6.39E-01,0.639120852,0.33,0.33,0.14,0.14,0.14,0.23,0.71,0.11,0.13,5.65E-06,3.51E-05,9.01E-05,0.000519168,0.003257984,1.05E-07,1.23E-06,7.44E-06,7.62E-05,0.001230888,2.79E-08,3.60E-06,1.14E-05,2.37E-05,6.74E-05,0.000155282,1.78E-05,6.97E-05,0.000164527,0.000494313,0.001189396,2.69E-05,0.00012691,0.00023924,0.000400706,0.001124622,0.002223875,1.58E-11,7.97E-09,1.28E-06,1.77E-06,3.18E-05,2.67E-03,3.69E-08,1.49E-06,3.58E-05,1.18E-05,7.52E-05,0.005013032,3.66E-07,1.56E-05,5.07E-06,3.77E-05,0.001552141,2.66E-09,2.96E-06,3.14E-04,6.90E-05,1.90E-04,0.00344053,4.07E-07,2.53E-06,6.49E-06,3.74E-05,0.000234574,1.46E-09,1.71E-08,1.04E-07,1.06E-06,1.71E-05,1.44E-08,1.85E-06,5.90E-06,1.21E-05,3.47E-05,8.00E-05,8.33E-06,3.25E-05,7.70E-05,0.00023132,0.000556594,5.75E-06,2.70E-05,5.10E-05,8.54E-05,0.000239692,0.000473976,2.98E-12,1.51E-09,2.41E-07,3.34E-07,6.00E-06,5.03E-04,9.34E-09,3.79E-07,9.06E-06,2.99E-06,1.91E-05,0.001270183,1.49E-07,6.34E-06,2.07E-06,1.54E-05,0.00063298,4.71E-09,5.24E-06,5.56E-04,1.22E-04,3.36E-04,0.006093216,0.002293476,0.008499697,1.98E-05,0.000100423,0.000203683,0.000359417,0.001038179,1.41E-08,5.77E-06,0.000571729,0.000127663,0.000376473,0.023404992,0.008265011,2.87E-05,0.000160512,0.000364812,0.000694679,0.002299509,4.68E-08,5.80E-06,0.000446735,0.000106137,0.000395157,0.005224292,0.01385513,0.019435609,0.027704643,0.111682643,0.224341186,0.278621043,7.46E-05,0.000826275,0.009742045,0.024886731,0.048048491,0.167578084
2002,0.002803249,2.12567,7.438981101,,0.499289124,0.869325992,1.843981503,,0.006774046,,0.01201463,0.01520813,0.684276,0.005731082,1.22791,0.02814382,1.58791,1.43846,1.97723,0.003997234,0.003463229,,0.009465603,0.054289656,0.860877,0.004601488,0.07807737,1.06,0.954227,1.38709,,1.133666667,0.67766525,0.3527085,1,0.841524407,1.882203763,0.131547984,0.866861176,2.21217804,0.56486168,1.466084741,1.45341465,0.668316649,0.008414753,0.014262978,0.077,0.078,0.078,0.078,0.078,0.013,0.013,0.013,0.013,0.013,0.295,0.295,0.295,0.295,0.296,0.296,0.296,0.297,0.297,0.297,0.297,0.182,0.182,0.182,0.182,0.182,0.182,0.141,0.141,0.141,0.1407,0.1407,0.141,1.90E-01,1.90E-01,1.90E-01,0.190435701,0.190435701,0.190435701,3.33E-01,3.33E-01,3.33E-01,0.333382318,0.333382318,7.12E-01,0.71169831,7.12E-01,7.12E-01,7.12E-01,0.71169831,0.33,0.33,0.14,0.14,0.14,0.23,0.71,0.11,0.13,3.90E-06,2.69E-05,0.000185265,0.000244387,0.002774042,8.84E-08,1.16E-06,1.87E-05,4.41E-05,0.001324354,3.00E-08,2.35E-06,8.32E-06,4.61E-05,3.00E-05,0.000116684,1.87E-05,8.13E-05,0.000514792,0.000353968,0.001441051,4.00E-05,0.000114313,0.000239714,0.001076497,0.000691448,0.002256982,1.06E-10,4.13E-09,2.76E-07,2.37E-05,1.87E-05,2.91E-03,2.11E-07,6.62E-07,6.62E-06,0.000134623,3.78E-05,0.004567902,2.30E-07,4.10E-06,8.23E-05,2.69E-05,0.001965766,1.49E-08,1.28E-06,5.70E-05,7.73E-04,9.34E-05,0.002900866,3.28E-07,2.27E-06,1.56E-05,2.06E-05,0.000233342,1.18E-09,1.55E-08,2.50E-07,5.85E-07,1.76E-05,1.26E-08,9.83E-07,3.49E-06,1.93E-05,1.26E-05,4.90E-05,7.88E-06,3.43E-05,0.000217034,0.000149231,0.000607539,8.91E-06,2.55E-05,5.34E-05,0.000239729,0.000153981,0.000502615,1.73E-11,6.76E-10,4.52E-08,3.87E-06,3.06E-06,4.76E-04,4.96E-08,1.56E-07,1.56E-06,3.17E-05,8.89E-06,0.001074518,1.15E-07,2.05E-06,4.12E-05,1.34E-05,0.0009831,3.68E-08,3.17E-06,1.41E-04,1.91E-03,2.31E-04,0.007161046,0.002724914,0.009694516,3.25E-05,0.000101533,0.000232396,0.001111229,0.000735444,8.64E-08,3.44E-06,0.000144456,0.001986037,0.000256027,0.015245119,0.008356615,4.41E-05,0.000151798,0.000386123,0.00197953,0.001463248,2.66E-07,2.72E-06,8.79E-05,0.001292563,0.000215535,0.009090871,0.01572948,0.022408813,0.032137766,0.1301626,0.255317974,0.298991138,6.65E-05,0.0007855,0.009281572,0.023808636,0.046840292,0.182677484
2003,0.001923495,1.04133,2.837214139,,0.334347435,0.377211846,0.496197519,,0.009143897,,0.009831765,0.013807853,0.970808,0.013849432,1.77283,0.023828104,1.56072,1.70801,,0.000618246,0.022067573,,0.004667535,0.011198853,1.32457,0.058602098,0.066706345,0.9284,,0.94711,1.14163,1.088,0.713574,0.3632936,1,0.647075148,1.959083663,0.214355959,0.989554499,2.367120846,0.356113505,1.314591394,0.998527266,0.711034283,0.006785704,0.011529061,0.081,0.081,0.081,0.081,0.081,0.013,0.013,0.013,0.013,0.013,0.398,0.398,0.397,0.398,0.398,0.398,0.374,0.373,0.373,0.373,0.373,0.236,0.236,0.236,0.236,0.236,0.236,0.166,0.166,0.166,0.166,0.166,0.166,2.09E-01,2.09E-01,2.09E-01,0.209337842,0.209337842,0.209337842,3.65E-01,3.65E-01,3.65E-01,0.36510532,0.36510532,6.99E-01,0.698807968,6.99E-01,6.99E-01,0.698807968,0.698807968,0.33,0.33,0.14,0.14,0.14,0.23,0.71,0.11,0.13,4.30E-06,1.80E-05,0.000137704,0.000483481,0.002026292,1.28E-07,1.02E-06,1.83E-05,0.000114309,0.00135785,2.39E-08,3.68E-06,7.91E-06,4.84E-05,8.42E-05,0.00010626,1.77E-05,4.67E-05,0.00032803,0.000600335,0.000793926,1.83E-05,0.000102848,0.000130749,0.000651562,0.001113919,0.001118062,1.12E-11,1.80E-08,9.32E-08,3.34E-06,0.000162675,0.001797275,2.98E-08,3.86E-06,2.99E-06,2.54E-05,0.000440368,0.003980334,1.03E-06,1.42E-06,1.19E-05,0.000239976,0.00125481,2.75E-09,9.75E-06,3.35E-05,1.90E-04,0.001417381,0.002748246,3.80E-07,1.59E-06,1.22E-05,4.27E-05,0.000178662,1.65E-09,1.31E-08,2.36E-07,1.47E-06,1.75E-05,1.58E-08,2.44E-06,5.22E-06,3.21E-05,5.58E-05,7.03E-05,1.05E-05,2.78E-05,0.000195415,0.000357633,0.00047296,5.64E-06,3.17E-05,4.04E-05,0.000201092,0.00034379,0.000345068,2.23E-12,3.58E-09,1.86E-08,6.65E-07,3.24E-05,0.000357784,7.90E-09,1.02E-06,7.91E-07,6.73E-06,0.000116593,0.001053844,5.91E-07,8.14E-07,6.85E-06,0.000138002,0.000721596,6.38E-09,2.26E-05,7.77E-05,4.41E-04,0.003288524,0.006376317,0.002006162,0.008509542,2.12E-05,0.00013158,0.000183695,0.000978062,0.001719253,1.43E-08,2.42E-05,7.94E-05,0.000455217,0.003575502,0.014065918,0.008985364,3.12E-05,0.000213355,0.000328588,0.00186707,0.003596073,3.90E-08,1.84E-05,4.89E-05,0.000294284,0.002797566,0.012478688,0.016199487,0.023333073,0.033421025,0.135217999,0.259654909,0.284777328,6.31E-05,0.000834595,0.010468231,0.026278025,0.047738328,0.172833052
2004,0.001873204,0.26667,0.561094925,0.085061736,0.35536138,0.101805454,0.157016707,,0.006231916,,0.013151795,0.010928578,1.03258,0.011823396,1.69436,0.025723993,1.98836,2.06419,2.05841,0.001852836,0.003412306,,0.029624023,0.005468442,2.49897,0.0119149,0.107665154,1.1124,1.23685,1.27396,1.80163,1.378833333,0.75605195,0.3328381,1,0.798084749,2.017189945,0.300126581,1.375700949,3.385402841,0.421585228,1.587612378,1.082512806,1.735789319,0.009374655,0.022097651,0.073,0.073,0.073,0.073,0.073,0.012,0.012,0.012,0.012,0.012,0.367,0.367,0.367,0.367,0.367,0.367,0.323,0.324,0.324,0.324,0.324,0.2,0.2,0.2,0.2,0.2,0.2,0.187,0.187,0.187,0.1874,0.1874,0.1874,2.35E-01,2.35E-01,2.35E-01,0.234859586,0.234859586,0.234859586,3.09E-01,3.09E-01,3.09E-01,0.309145828,0.309145828,6.27E-01,0.627220594,0.627220594,6.27E-01,0.627220594,0.627220594,0.33,0.33,0.14,0.14,0.14,0.23,0.71,0.11,0.13,3.58E-06,2.94E-05,0.000133132,0.000505971,0.002542907,9.08E-08,1.41E-06,1.51E-05,0.000102007,0.001394704,3.26E-08,3.52E-06,1.48E-05,5.40E-05,0.000101461,0.000170675,1.61E-05,8.35E-05,0.000348018,0.000689431,0.001210729,2.76E-05,0.000108647,0.000271109,0.000801073,0.001482446,0.002066066,3.42E-11,2.84E-09,6.04E-07,1.67E-06,3.38E-05,0.00221671,9.67E-08,6.45E-07,2.05E-05,1.34E-05,9.69E-05,0.004988388,1.54E-07,8.71E-06,5.64E-06,4.73E-05,0.001556675,1.84E-08,3.36E-06,0.000474162,2.07E-04,0.000642946,0.009872578,2.81E-07,2.31E-06,1.04E-05,3.97E-05,0.000199404,1.11E-09,1.74E-08,1.85E-07,1.25E-06,1.71E-05,1.89E-08,2.04E-06,8.59E-06,3.13E-05,5.89E-05,9.89E-05,7.72E-06,4.00E-05,0.000166521,0.000329882,0.000579314,6.93E-06,2.72E-05,6.80E-05,0.000200795,0.000371586,0.000517875,7.89E-12,6.55E-10,1.39E-07,3.84E-07,7.79E-06,0.000511347,2.97E-08,1.98E-07,6.30E-06,4.12E-06,2.98E-05,0.001531184,6.89E-08,3.90E-06,2.52E-06,2.12E-05,0.000696586,3.09E-08,5.66E-06,0.000797802,3.48E-04,0.00108179,0.016611122,0.003183706,0.01935024,2.87E-05,0.000124458,0.000340757,0.001075135,0.002040641,6.06E-08,5.92E-06,0.00080814,0.000355336,0.001140505,0.016710431,0.009768528,4.27E-05,0.000203051,0.000608179,0.002035543,0.004179885,1.40E-07,5.05E-06,0.000613629,0.000276746,0.000988213,0.008896558,0.022801466,0.032582413,0.046243045,0.186258761,0.353526644,0.364432351,7.57E-05,0.001481294,0.020713908,0.050607802,0.08293922,0.20524422
2005,0.00169399,1.24952,2.747885297,,0.498202466,0.233750127,0.237405546,,0.004159955,,0.006119686,0.009795897,1.27322,0.005988579,1.86031,0.015836672,1.86898,2.26125,2.49107,0.000192631,0.009416935,,0.004238608,0.032025329,2.50934,0.005419338,0.092275408,1.4437,1.31697,1.4169,0.61684,1.130666667,0.6798834,0.3023827,1,1.131622236,2.580015898,0.350375411,2.329016374,3.911034224,0.521787939,1.679134102,1.011487699,0.817203205,0.008008601,0.014714991,0.077,0.077,0.077,0.077,0.077,0.014,0.014,0.014,0.014,0.014,0.365,0.364,0.364,0.364,0.365,0.364,0.336,0.336,0.336,0.336,0.336,0.179,0.179,0.179,0.179,0.179,0.179,0.15,0.15,0.15,0.1502,0.1502,0.15,2.02E-01,2.02E-01,2.02E-01,0.202469004,0.202469004,0.202469004,2.77E-01,2.77E-01,2.77E-01,0.277088747,0.277088747,6.11E-01,0.610746313,0.610746313,6.11E-01,6.11E-01,0.610746313,0.33,0.33,0.14,0.14,0.14,0.23,0.71,0.11,0.13,3.40E-06,1.93E-05,0.000170699,0.000372321,0.002279152,8.14E-08,8.82E-07,1.83E-05,7.09E-05,0.001172411,3.48E-08,2.74E-06,8.01E-06,5.67E-05,6.12E-05,0.000126046,1.61E-05,5.80E-05,0.000470595,0.000535033,0.001151433,3.47E-05,9.97E-05,0.000172707,0.000993421,0.001055071,0.001806618,3.85E-12,8.45E-09,9.31E-08,1.05E-05,1.65E-05,2.51E-03,9.88E-09,1.74E-06,2.87E-06,7.67E-05,4.29E-05,0.004891809,3.66E-07,1.07E-06,2.84E-05,1.85E-05,0.001318471,8.28E-10,4.00E-06,2.92E-05,5.22E-04,1.26E-04,0.004111134,2.82E-07,1.61E-06,1.42E-05,3.09E-05,0.000189133,1.14E-09,1.23E-08,2.56E-07,9.92E-07,1.64E-05,2.00E-08,1.57E-06,4.59E-06,3.25E-05,3.51E-05,7.23E-05,8.18E-06,2.94E-05,0.000238219,0.000270838,0.000582864,7.55E-06,2.17E-05,3.76E-05,0.000216315,0.000229739,0.000393386,6.81E-13,1.49E-09,1.64E-08,1.86E-06,2.92E-06,4.43E-04,2.51E-09,4.42E-07,7.28E-07,1.95E-05,1.09E-05,0.001241882,1.40E-07,4.11E-07,1.09E-05,7.08E-06,0.000505364,1.30E-09,6.28E-06,4.58E-05,8.19E-04,1.97E-04,0.006450446,0.002505245,0.008640693,2.89E-05,9.46E-05,0.000185135,0.001159978,0.001272903,3.81E-09,6.86E-06,4.70E-05,0.000850846,0.000218086,0.013795519,0.007617093,4.43E-05,0.000164082,0.000358063,0.002397988,0.002855181,1.27E-08,7.27E-06,3.98E-05,0.000760237,0.000238678,0.008104025,0.026152053,0.039443305,0.058510019,0.244795097,0.476771127,0.505699778,6.57E-05,0.000771975,0.009395683,0.023738618,0.044041899,0.159468178
2006,0.001729623,1.10805,1.279303393,,1.771776827,0.530671252,0.844824371,,0.003775542,2.29974,0.004103807,0.004672215,0.56286,0.005539423,1.0822,0.00906292,1.00418,1.19942,1.22306,0.0076027,0.000981344,,0.011689941,0.004626935,0.90282,0.031754217,0.07469356,1.0927,1.12851,1.14348,0.58144,1.183,0.79628385,0.2809379,1,0.930017307,2.447947107,0.168456633,1.344961594,2.958868604,0.567117422,1.678481817,1.037942599,0.718684766,0.003603372,0.012442235,0.085,0.085,0.085,0.085,0.085,0.021,0.021,0.021,0.021,0.021,0.259,0.259,0.259,0.259,0.26,0.26,0.304,0.304,0.304,0.304,0.304,0.215,0.215,0.215,0.215,0.215,0.215,0.135,0.135,0.135,0.1348,0.1348,0.135,1.76E-01,1.76E-01,1.76E-01,1.76E-01,0.175953681,0.175953681,2.70E-01,2.70E-01,2.70E-01,0.269824001,0.269824001,6.03E-01,6.03E-01,6.03E-01,6.03E-01,6.03E-01,0.602692246,0.33,0.33,0.14,0.14,0.14,0.23,0.71,0.11,0.13,2.87E-06,1.21E-05,7.51E-05,0.000312824,0.001202336,7.79E-08,6.26E-07,9.13E-06,6.76E-05,0.000711983,3.42E-08,2.41E-06,5.24E-06,2.62E-05,5.38E-05,6.76E-05,1.36E-05,3.61E-05,0.000206152,0.000447373,0.000587637,3.23E-05,8.35E-05,0.000107244,0.000433938,0.000879685,0.000908548,1.66E-10,9.69E-10,2.83E-07,1.67E-06,0.000106639,2.42E-03,3.76E-07,1.76E-07,7.67E-06,1.08E-05,0.000244492,0.00443788,3.80E-08,2.95E-06,4.09E-06,0.000107984,0.001169988,3.17E-08,4.06E-07,7.86E-05,7.36E-05,7.20E-04,0.003005063,2.65E-07,1.12E-06,6.97E-06,2.90E-05,0.000111524,1.64E-09,1.32E-08,1.93E-07,1.42E-06,1.50E-05,1.20E-08,8.45E-07,1.83E-06,9.14E-06,1.89E-05,2.37E-05,5.93E-06,1.58E-05,9.02E-05,0.00019579,0.000257175,8.85E-06,2.29E-05,2.94E-05,0.000119076,0.000241392,0.000249313,2.59E-11,1.51E-10,4.40E-08,2.60E-07,1.66E-05,3.77E-04,8.03E-08,3.75E-08,1.64E-06,2.30E-06,5.22E-05,0.000947594,1.40E-08,1.09E-06,1.51E-06,3.99E-05,0.000432349,4.81E-08,6.17E-07,1.19E-04,1.12E-04,1.09E-03,0.004558502,0.001110048,0.006315789,2.59E-05,7.33E-05,0.000103453,0.000447445,0.000934874,1.28E-07,6.68E-07,0.000122054,0.000115689,0.001200395,0.015334464,0.007026313,3.52E-05,0.000111838,0.000176698,0.000823055,0.001908612,4.71E-07,7.30E-07,0.00010648,0.000106604,0.001367387,0.005789094,0.020350063,0.029621587,0.043057198,0.176159571,0.344550657,0.397595085,6.20E-05,0.000744198,0.009108693,0.023039874,0.043061587,0.166577078
2007,0.001862378,2.69925,3.333481841,0.719882179,4.544198419,1.848246025,3.103604426,,0.005586241,1.60961,0.005410015,0.004552231,0.612058,0.003921497,1.12145,0.009310565,0.646032,0.909786,1.67599,0.002675572,0.04197786,,0.001324497,0.013882446,1.1385,0.005031731,0.093074953,0.7796,0.755273,1.20663,0.95524,1.149166667,0.87011615,0.2793554,1,0.803274083,2.039312859,0.293884554,0.672670973,3.132643621,0.528673102,0.92173765,0.034162566,0.481196366,0.003562508,0.009872418,0.069,0.069,0.069,0.069,0.069,0.019,0.019,0.02,0.019,0.019,0.384,0.383,0.383,0.384,0.383,0.384,0.401,0.402,0.401,0.401,0.401,0.288,0.287,0.287,0.287,0.287,0.287,0.138,0.138,0.138,0.1382,0.1382,0.138,1.73E-01,1.73E-01,1.73E-01,1.73E-01,0.172934951,0.172934951,3.61E-05,3.61E-05,3.61E-05,3.61E-05,3.61E-05,5.76E-01,0.575573554,5.76E-01,5.76E-01,5.76E-01,0.575573554,0.33,0.33,0.14,0.14,0.14,0.23,0.71,0.25,0.13,4.51E-06,1.70E-05,7.78E-05,0.000235353,0.001263396,1.12E-07,8.00E-07,8.63E-06,4.64E-05,0.000652815,4.88E-08,4.75E-06,9.16E-06,3.37E-05,5.06E-05,9.64E-05,1.32E-05,3.12E-05,0.000131787,0.000207843,0.000413817,3.62E-05,0.000128603,0.000147255,0.000440463,0.000648915,0.001049385,6.33E-11,4.48E-08,3.46E-08,5.42E-06,1.83E-05,2.81E-03,8.46E-08,4.81E-06,5.56E-07,2.06E-05,2.48E-05,0.003062619,4.42E-07,9.09E-08,2.92E-06,1.92E-06,4.76E-05,9.23E-09,1.44E-05,7.38E-06,1.83E-04,9.44E-05,0.002879064,3.33E-07,1.25E-06,5.76E-06,1.74E-05,9.35E-05,2.21E-09,1.58E-08,1.72E-07,9.20E-07,1.29E-05,3.04E-08,2.95E-06,5.70E-06,2.10E-05,3.14E-05,6.00E-05,8.82E-06,2.10E-05,8.84E-05,1.39E-04,0.000277419,1.46E-05,5.19E-05,5.94E-05,0.000177629,0.000261694,0.000423195,1.01E-11,7.18E-09,5.55E-09,8.68E-07,2.93E-06,4.51E-04,1.77E-08,1.01E-06,1.16E-07,4.31E-06,5.18E-06,0.000640378,1.60E-11,3.28E-12,1.05E-10,6.92E-11,1.72E-09,1.25E-08,1.95E-05,1.00E-05,2.48E-04,1.28E-04,0.003904359,0.001599031,0.004995503,4.24E-05,0.000159539,0.000193423,0.000602517,0.00090607,3.02E-08,2.05E-05,1.01E-05,0.000253161,0.000136171,0.013686904,0.008342096,4.43E-05,0.000179724,0.000237884,0.00078844,0.001317032,1.08E-07,2.30E-05,9.46E-06,0.000247624,0.000160533,0.003624035,0.023766849,0.032172573,0.043970975,0.173198577,0.335849302,0.382630709,4.04E-05,0.000547272,0.007140779,0.017837214,0.031904049,0.106069547
2008,0.001076519,2.1103,2.124215194,0.611109795,1.023646938,3.031360865,4.905833489,,0.005884372,1.07427,0.007781235,0.005422285,0.948046,0.003179303,1.5723,0.007150123,0.638808,0.993886,0.266589,0.00065766,0.01477164,,0.056578434,0.001568633,,0.015041204,0.083440827,1.1811,1.12869,1.53089,0.64129,1.191333333,0.7280699,0.1777672,1,0.964790422,1.647531533,0.310142283,1.583271718,5.385196955,0.582022533,1.154562343,0,0.69072523,0.00457591,0.012950232,0.056,0.056,0.057,0.056,0.056,0.023,0.023,0.023,0.023,0.023,0.516,0.515,0.515,0.515,0.516,0.515,0.393,0.393,0.393,0.393,0.393,0.284,0.284,0.284,0.284,0.284,0.284,0.12,0.12,0.12,0.1201,0.1201,0.12,1.58E-01,1.58E-01,1.58E-01,0.157539134,0.157539134,0.157539134,0.00E+00,0.00E+00,0.00E+00,0,0,6.24E-01,0.623530714,0.623530714,6.24E-01,6.24E-01,0.623530714,0.33,0.33,0.14,0.14,0.14,0.23,0.71,0,0.13,6.78E-06,3.50E-05,0.000133816,0.000279862,0.001454171,1.23E-07,1.21E-06,1.09E-05,4.05E-05,0.000564437,3.16E-08,5.60E-06,1.48E-05,4.55E-05,4.71E-05,8.26E-05,3.39E-05,0.000109867,0.000387136,0.000422035,0.000775239,3.00E-05,0.000193988,0.000303359,0.000757806,0.000771718,0.001130739,1.81E-11,1.84E-08,1.72E-06,7.13E-07,6.36E-05,3.35E-03,2.78E-08,2.26E-06,3.17E-05,3.12E-06,9.89E-05,0.004170494,,,,,,3.25E-09,7.25E-06,0.000450897,2.96E-05,4.04E-04,0.003916655,4.06E-07,2.09E-06,8.03E-06,1.68E-05,8.70E-05,2.87E-09,2.80E-08,2.53E-07,9.41E-07,1.31E-05,3.37E-08,5.96E-06,1.57E-05,4.83E-05,5.01E-05,8.78E-05,2.19E-05,7.12E-05,0.000250851,0.000273464,0.000502327,1.19E-05,7.70E-05,0.000120472,0.000300946,0.000306471,0.000449048,2.47E-12,2.51E-09,2.35E-07,9.73E-08,8.68E-06,4.57E-04,5.20E-09,4.23E-07,5.93E-06,5.83E-07,1.85E-05,0.000779877,,,,,,5.38E-09,1.20E-05,0.000746802,4.90E-05,6.69E-04,0.006486996,0.002980052,0.007724226,5.78E-05,0.000402278,0.000676757,0.001781989,0.001853698,1.06E-08,1.24E-05,0.00075297,4.96E-05,0.000696088,0.01450431,0.008317146,4.82E-05,0.000361692,0.000659142,0.001831575,0.002052126,3.54E-08,1.14E-05,0.000586603,4.02E-05,0.000669364,0.004369352,0.044741988,0.061466622,0.084709208,0.337786614,0.645464061,0.639976466,5.39E-05,0.000771946,0.010367961,0.025656457,0.044502038,0.155202584
2009,0.000767146,1.53503,3.695843322,0.229550859,0.460754013,2.131902179,1.350129911,,0.00340163,1.64993,0.00818985,0.0081705,0.936922,0.003919827,1.20485,0.005452857,0.349039,0.448194,0.796438,0.001047879,0.003631276,2.1183,0.019926542,0.067076527,,0.001701044,0.08376767,1.0731,1.59087,1.2061,1.00707,0.975333333,0.66685,0.1823533,1,0.635042518,0.676428352,0.314951551,0.967341543,3.912761933,0.735888853,0.444118034,0,0.577605986,0.002238629,0.010012565,0.083,0.083,0.083,0.083,0.083,0.033,0.033,0.033,0.033,0.033,0.527,0.526,0.527,0.526,0.526,0.526,0.495,0.496,0.496,0.496,0.496,0.327,0.327,0.327,0.327,0.327,0.327,0.119,0.119,0.119,0.1186,0.1186,0.119,1.58E-01,1.58E-01,1.58E-01,0.15777903,0.15777903,0.15777903,0.00E+00,0.00E+00,0.00E+00,0,0,7.54E-01,0.753738435,7.54E-01,7.54E-01,7.54E-01,0.753738435,0.33,0.33,0.14,0.14,0.14,0.23,0.71,0,0.13,3.32E-06,3.11E-05,0.000169193,0.000285976,0.00092609,5.01E-08,8.94E-07,1.15E-05,3.44E-05,0.00030516,2.02E-08,2.91E-06,1.39E-05,6.12E-05,5.12E-05,5.44E-05,1.01E-05,5.94E-05,0.000297717,0.0002623,0.000291562,1.22E-05,6.39E-05,0.000181877,0.000646279,0.000531901,0.000466288,3.94E-11,6.15E-09,8.27E-07,4.16E-05,9.81E-06,4.40E-03,1.74E-08,2.19E-07,4.40E-06,5.24E-05,4.40E-06,0.001643791,,,,,,3.58E-09,1.23E-06,1.10E-04,8.75E-04,3.16E-05,0.002577709,3.01E-07,2.82E-06,1.54E-05,2.59E-05,8.40E-05,1.69E-09,3.01E-08,3.85E-07,1.16E-06,1.03E-05,2.25E-08,3.22E-06,1.56E-05,6.79E-05,5.68E-05,6.03E-05,9.91E-06,5.85E-05,0.00029312,0.00025825,0.00028706,5.92E-06,3.11E-05,8.85E-05,0.000314448,0.000258798,0.000226873,5.30E-12,8.28E-10,1.11E-07,5.59E-06,1.32E-06,5.92E-04,3.26E-09,4.10E-08,8.23E-07,9.82E-06,8.25E-07,0.000307943,,,,,,1.10E-08,3.78E-06,3.37E-04,2.68E-03,9.68E-05,0.007889654,0.00136046,0.008789477,2.46E-05,0.000139492,0.000429162,0.001611136,0.001363221,1.42E-08,3.82E-06,0.000337448,0.00269338,9.89E-05,0.014581104,0.009826332,2.34E-05,0.000141119,0.000464805,0.001826027,0.00165605,2.48E-08,1.98E-06,0.000159936,0.001328614,5.94E-05,0.004183203,0.030441113,0.041485834,0.056753816,0.223490219,0.422480407,0.410542397,2.37E-05,0.000546141,0.008026279,0.019807439,0.034928282,0.119527801
2010,0.001407875,1.74267,4.234284785,0.189992248,1.156084708,3.113565304,3.690011766,,0.002459754,1.44954,0.004827817,0.008935248,1.25121,0.006610987,1.19049,0.006036338,,,1.07988,0.00090973,0.005785756,1.27332,0.004896659,0.023622161,,0.072879505,0.072808559,,1.1545,,1.38214,0.917833333,0.4636913,0.1558057,1,0.40513412,0.519954646,0.399184409,1.360288385,3.873294568,0.459792747,0.504010914,0,0.727241411,0.0019938,0.008269587,0.1,0.1,0.1,0.1,0.1,0.159,0.158,0.159,0.158,0.158,0.468,0.467,0.468,0.468,0.468,0.468,0.484,0.484,0.484,0.484,0.484,0.263,0.262,0.263,0.263,0.263,0.263,0.147,0.147,0.147,0.1469,0.1469,0.147,1.47E-01,1.47E-01,1.47E-01,1.47E-01,0.147171161,0.147171161,0.00E+00,0.00E+00,0.00E+00,0,0,7.38E-01,7.38E-01,7.38E-01,7.38E-01,7.38E-01,0.738308796,0.33,0.33,0.14,0.14,0.14,0.23,0.79,0,0.13,1.53E-06,1.17E-05,1.18E-04,0.000306673,0.000625611,2.72E-08,3.96E-07,9.40E-06,4.34E-05,0.0002319,3.17E-08,1.79E-06,7.01E-06,5.68E-05,7.32E-05,5.35E-05,6.87E-06,3.31E-05,0.00030701,0.000415847,0.000317493,2.08E-05,4.29E-05,9.95E-05,0.000654789,0.000828511,0.000515684,2.05E-11,5.86E-09,1.17E-07,7.82E-06,0.000242119,2.57E-03,1.66E-08,3.82E-07,1.18E-06,2.04E-05,0.000222765,0.001725779,,,,,,3.81E-09,2.41E-06,3.31E-05,3.78E-04,1.66E-03,0.002656267,1.70E-07,1.30E-06,1.32E-05,3.42E-05,6.97E-05,5.14E-09,7.45E-08,1.77E-06,8.18E-06,4.36E-05,2.79E-08,1.57E-06,6.17E-06,5.01E-05,6.44E-05,4.70E-05,6.45E-06,3.10E-05,0.000288507,0.000390784,0.000298359,7.40E-06,1.53E-05,3.54E-05,0.000233185,0.000295051,0.000183646,3.53E-12,1.01E-09,2.01E-08,1.35E-06,4.17E-05,4.42E-04,2.86E-09,6.59E-08,2.04E-07,3.52E-06,3.84E-05,0.000297815,,,,,,1.07E-08,6.79E-06,9.34E-05,1.07E-03,4.68E-03,0.007494119,0.000914265,0.008233558,2.46E-05,5.63E-05,0.00014397,0.001014031,0.001318735,1.36E-08,6.86E-06,9.36E-05,0.00106992,0.004761988,0.013132769,0.00594172,3.51E-05,8.66E-05,0.000237039,0.001744732,0.002376048,2.41E-08,3.74E-06,4.68E-05,0.000548608,0.002778823,0.01090335,0.024916305,0.035197086,0.049098513,0.195264013,0.359409014,0.330299581,2.64E-05,0.000646276,0.009561616,0.02322428,0.038129012,0.113579882
2011,0.000349451,0.13182,0.434659155,,0.103878937,0.030599946,,,0.00453339,1.07476,0.003520977,0.005578029,,0.008196504,0.843412,0.009545003,,,1.4625,0.000717479,0.005022878,1.15626,0.007804486,0.005805687,,0.025631603,0.133217669,,1.38699,,2.56548,0.996,0.5909224,0.224282,1,0.236703101,0.384712978,0.172826382,0.362870515,2.586444497,0.50714029,1.209491258,0,0.826809136,0.001503579,0.014543658,0.11,0.11,0.11,0.11,0.11,0.179,0.179,0.179,0.18,0.179,0.61,0.611,0.611,0.61,0.61,0.61,0.67,0.669,0.67,0.67,0.67,0.308,0.309,0.309,0.309,0.309,0.309,0.169,0.169,0.169,0.169,0.169,0.169,1.63E-01,1.63E-01,1.63E-01,1.63E-01,0.162603662,0.162603662,0.00E+00,0.00E+00,0.00E+00,0,0,6.14E-01,0.614148971,6.14E-01,6.14E-01,6.14E-01,0.614148971,0.33,0.33,0.14,0.14,0.14,0.23,0.79,0,0.13,1.73E-06,5.24E-06,4.41E-05,0.000224299,0.000552029,4.10E-08,2.35E-07,4.19E-06,3.67E-05,0.00021626,1.29E-08,5.41E-06,7.35E-06,2.70E-05,5.92E-05,5.78E-05,1.04E-05,1.68E-05,6.37E-05,0.00014366,0.000145966,4.65E-06,7.12E-05,6.10E-05,0.000238505,0.000552191,0.000485129,1.43E-11,4.49E-09,1.65E-07,1.70E-06,7.51E-05,2.96E-03,2.64E-08,6.68E-07,3.81E-06,1.01E-05,0.000158073,0.00441657,,,,,,3.09E-09,2.15E-06,5.42E-05,9.53E-05,6.00E-04,0.005251589,2.15E-07,6.48E-07,5.46E-06,2.78E-05,6.83E-05,8.97E-09,5.12E-08,9.15E-07,8.05E-06,4.72E-05,2.01E-08,8.48E-06,1.15E-05,4.22E-05,9.28E-05,9.04E-05,2.10E-05,3.39E-05,0.000129116,0.00029133,0.000296005,2.07E-06,3.18E-05,2.72E-05,0.000106429,0.000246408,0.000216482,2.91E-12,9.15E-10,3.36E-08,3.46E-07,1.53E-05,6.04E-04,5.12E-09,1.30E-07,7.39E-07,1.97E-06,3.07E-05,0.000857599,,,,,,4.91E-09,3.42E-06,8.63E-05,1.52E-04,9.54E-04,0.008358817,0.001940901,0.009820103,1.26E-05,0.00023505,0.000231394,0.00089828,0.002073929,1.00E-08,3.55E-06,8.70E-05,0.000154,0.001000256,0.014728186,0.012796826,8.40E-06,0.000146718,0.000139503,0.000556195,0.001358961,3.41E-08,3.37E-06,7.01E-05,0.000128662,0.000985741,0.006278227,0.024050577,0.032363865,0.039620682,0.099711823,0.165797686,0.157525248,4.76E-05,0.000671221,0.008977886,0.022161357,0.038458051,0.109172143
2012,0.000871405,0.5702,0.703484984,0.276947252,0.312659034,0.394536675,0.858716304,,0.001130199,0.351339,0.006520325,0.004120736,,0.005464383,0.774854,0.014961581,,,1.67427,0.001359866,0.003960902,1.42613,0.006760675,0.009210263,,0.006261798,0.139651391,,1.17465,,2.57415,1.202333333,0.542917,0.09943239,1,0.366221689,0.590517355,0.175204455,0.559225804,1.924263412,0.689331072,1.220641239,0,1.591406069,0.002296183,0.021413784,0.056,0.056,0.056,0.056,0.056,0.118,0.118,0.119,0.118,0.118,0.549,0.549,0.549,0.549,0.549,0.549,0.411,0.411,0.411,0.411,0.411,0.306,0.306,0.306,0.306,0.306,0.306,0.12,0.12,0.12,0.1199,0.12,0.12,1.24E-01,1.24E-01,1.24E-01,1.24E-01,0.124238345,0.124238345,0.00E+00,0.00E+00,0.00E+00,0,0,4.93E-01,4.93E-01,4.93E-01,4.93E-01,4.93E-01,0.493305272,0.33,0.33,0.14,0.14,0.14,0.23,0.79,0,0.13,4.17E-07,1.10E-05,4.71E-05,0.000163324,0.000849818,8.86E-09,4.57E-07,3.61E-06,2.25E-05,0.000290037,2.89E-08,1.22E-06,1.23E-05,1.80E-05,3.56E-05,8.24E-05,6.01E-06,7.20E-05,1.09E-04,0.000222313,0.000537433,9.89E-06,1.52E-05,9.65E-05,0.000150457,0.00031421,0.000658616,2.80E-11,3.67E-09,1.48E-07,2.79E-06,1.90E-05,3.91E-03,4.22E-08,4.45E-07,2.78E-06,1.36E-05,3.26E-05,0.004457679,,,,,,1.02E-08,2.97E-06,8.23E-05,2.65E-04,2.57E-04,0.011013577,2.49E-08,6.56E-07,2.82E-06,9.76E-06,5.07E-05,1.19E-09,6.12E-08,4.85E-07,3.01E-06,3.89E-05,3.53E-08,1.48E-06,1.49E-05,2.19E-05,4.34E-05,0.00010033,4.19E-06,5.03E-05,7.63E-05,0.000155346,0.000375544,4.36E-06,6.70E-06,4.26E-05,6.65E-05,0.000138773,0.000290883,3.81E-12,4.99E-10,2.01E-08,3.80E-07,2.59E-06,5.33E-04,5.98E-09,6.31E-08,3.95E-07,1.92E-06,4.62E-06,0.000632381,,,,,,9.98E-09,2.89E-06,8.01E-05,2.58E-04,2.50E-04,0.010722542,0.002805486,0.011887679,2.23E-05,4.86E-05,0.000386982,0.000596935,0.001236075,1.60E-08,2.95E-06,8.05E-05,0.000260309,0.000257181,0.017350352,0.011517609,1.58E-05,3.02E-05,0.000228673,0.000374905,0.000829395,5.85E-08,3.84E-06,9.60E-05,0.000316823,0.00034543,0.005581156,0.018085671,0.026744987,0.03507082,0.090980072,0.151781908,0.153471952,4.30E-05,0.000970682,0.01420344,0.034398936,0.055164705,0.153337423
2013,0.001262618,1.00564,1.954248424,0.300389294,0.726586109,0.985668294,0.544633917,,0.002834605,0.641752,0.001635025,0.00759052,,0.003991436,0.544239,0.016937077,,,1.48385,0.000529172,0.00750575,0.81937,0.005312809,0.007898678,,0.009778176,0.120955494,,1.05565,,1.17584,1.210833333,0.49491155,0.09703439,1,0.347741063,0.82745528,0.20129384,0.569640047,2.39239624,0.514408421,1.3361229,0,2.254176611,0.002835783,0.023305792,0.062,0.062,0.062,0.062,0.062,0.111,0.112,0.112,0.112,0.112,0.496,0.495,0.495,0.496,0.495,0.495,0.582,0.583,0.583,0.583,0.583,0.234,0.235,0.234,0.235,0.235,0.235,0.0783,0.0783,0.0783,0.0783,0.0783,0.0783,8.58E-02,8.58E-02,8.58E-02,8.58E-02,0.0857559,8.58E-02,0.00E+00,0.00E+00,0.00E+00,0.00E+00,0,4.48E-01,4.48E-01,4.48E-01,4.48E-01,4.48E-01,0.447845201,0.33,0.33,0.14,0.14,0.14,0.23,0.79,0,0.13,8.28E-07,2.18E-06,6.87E-05,9.45E-05,0.000812492,2.16E-08,1.11E-07,6.45E-06,1.59E-05,0.000369773,2.60E-08,1.90E-06,1.99E-06,2.74E-05,2.32E-05,7.86E-05,7.70E-06,9.34E-06,0.000112251,9.30E-05,0.000328227,1.54E-05,4.09E-05,2.72E-05,0.000402262,0.000352859,0.001038366,7.62E-12,4.86E-09,8.12E-08,1.67E-06,2.08E-05,2.68E-03,1.65E-08,8.49E-07,2.20E-06,1.17E-05,5.13E-05,4.58E-03,,,,,,6.25E-09,8.82E-06,1.01E-04,3.57E-04,6.29E-04,0.014153774,5.43E-08,1.43E-07,4.52E-06,6.21E-06,5.34E-05,2.70E-09,1.40E-08,8.11E-07,2.00E-06,4.66E-05,2.56E-08,1.86E-06,1.95E-06,2.69E-05,2.27E-05,7.71E-05,1.07E-05,1.30E-05,0.000156725,0.000129858,0.00045827,4.70E-06,1.25E-05,8.34E-06,0.000123267,0.000108129,0.000318193,6.47E-13,4.12E-10,6.89E-09,1.42E-07,1.76E-06,2.27E-04,1.55E-09,7.96E-08,2.07E-07,1.10E-06,4.81E-06,4.29E-04,,,,,,5.07E-09,7.15E-06,8.22E-05,2.89E-04,5.10E-04,0.011479933,0.002096542,0.012136485,1.37E-05,6.18E-05,5.48E-05,0.000732717,0.00062821,6.62E-09,7.23E-06,8.25E-05,0.000290454,0.000516859,0.015987685,0.013744804,2.09E-05,6.94E-05,5.43E-05,0.000793553,0.000719525,2.47E-08,1.07E-05,0.000114645,0.000408821,0.000772397,0.007368267,0.016591341,0.024484259,0.03321991,0.104545227,0.180267215,0.167430492,4.66E-05,0.001421957,0.021578969,0.051758122,0.078991927,0.192680726
2014,0.00084549,0.46587,0.473798061,0.06931196,0.05792233,1.542146939,0.089096329,,0.00260906,0.437501,0.002608121,0.001213233,,0.004641807,0.447052,0.010702722,,,0.71274,0.002749475,0.002801869,1.02592,0.009548669,0.005789336,,0.007474546,0.095001749,,0.793479,,0.65031,1.057,0.43445615,0.1711868,1,0.50794646,1.418093219,0.227818098,0.341604705,2.210516891,0.793571783,1.939462601,0,2.316843943,0.001885113,0.022062354,0.063,0.063,0.063,0.063,0.063,0.123,0.123,0.123,0.123,0.123,0.362,0.361,0.361,0.361,0.361,0.361,0.489,0.489,0.489,0.489,0.489,0.26,0.26,0.26,0.26,0.26,0.26,0.0612,0.0612,0.0612,0.0612,0.0612,0.0612,6.71E-02,6.71E-02,6.71E-02,6.71E-02,6.71E-02,6.71E-02,0.00E+00,0.00E+00,0.00E+00,0,0,4.74E-01,4.74E-01,4.74E-01,4.74E-01,4.74E-01,0.474088202,0.33,0.33,0.14,0.14,0.14,0.23,0.79,0,0.13,1.12E-06,5.07E-06,1.60E-05,0.000161596,0.000793731,2.92E-08,2.59E-07,1.51E-06,2.73E-05,0.000394494,3.10E-08,3.07E-06,5.53E-06,7.66E-06,4.72E-05,8.02E-05,8.16E-06,1.70E-05,2.06E-05,1.24E-04,0.0002188,1.51E-05,5.44E-05,6.24E-05,9.27E-05,0.000593921,0.00082346,6.24E-11,2.85E-09,2.30E-07,1.93E-06,2.51E-05,3.37E-03,1.24E-07,4.57E-07,5.71E-06,1.24E-05,5.68E-05,5.48E-03,,,,,,3.85E-08,3.89E-06,2.15E-04,3.09E-04,5.71E-04,0.011487998,7.48E-08,3.40E-07,1.07E-06,1.08E-05,5.31E-05,4.10E-09,3.63E-08,2.12E-07,3.83E-06,5.54E-05,1.75E-08,1.73E-06,3.13E-06,4.33E-06,2.67E-05,4.53E-05,7.81E-06,1.63E-05,1.97E-05,0.000119202,0.000209636,5.30E-06,1.92E-05,2.20E-05,3.26E-05,0.000209041,0.00028983,4.07E-12,1.86E-10,1.50E-08,1.26E-07,1.64E-06,2.20E-04,8.91E-09,3.29E-08,4.11E-07,8.92E-07,4.09E-06,3.94E-04,,,,,,3.47E-08,3.51E-06,1.94E-04,2.79E-04,5.15E-04,0.010355966,0.001137962,0.010970169,1.10E-05,5.63E-05,7.98E-05,0.000110385,0.000698248,4.36E-08,3.54E-06,0.000194658,0.000279791,0.000520559,0.015106248,0.011167251,1.44E-05,6.15E-05,8.11E-05,0.000122893,0.000834792,1.74E-07,4.84E-06,0.000247217,0.000360891,0.000724217,0.00568367,0.016979824,0.023556392,0.031082638,0.101293957,0.179841975,0.176133999,6.33E-05,0.001725737,0.025890185,0.062337285,0.096891138,0.232231026
2015,0.000682242,1.26539,0.773343015,0.624656356,0.747902464,0.96004874,0.744960395,,0.00174734,0.287849,0.002400019,0.001930036,,0.000737767,0.300957,0.007674082,,,1.13559,0.00291908,0.014675464,0.79289,0.003608717,0.010574192,,0.005714398,0.072895932,,0.586991,,0.84545,1.158666667,0.4097954,0.1612153,1,0.583580176,2.549491297,0.211210128,0.505624591,1.725768584,0.856744681,1.725761441,0,1.334047276,0.001648561,0.014311091,0.072,0.072,0.072,0.072,0.072,0.121,0.121,0.121,0.121,0.121,0.411,0.409,0.41,0.41,0.41,0.41,0.492,0.491,0.492,0.492,0.492,0.249,0.248,0.249,0.249,0.249,0.249,0.059,0.059,0.059,0.059,0.059,0.059,6.32E-02,6.32E-02,6.32E-02,6.32E-02,0.063172385,6.32E-02,0.00E+00,0.00E+00,0.00E+00,0.00E+00,0.00E+00,5.31E-01,5.31E-01,5.31E-01,5.31E-01,5.31E-01,0.531322998,0.33,0.33,0.14,0.14,0.14,0.23,0.79,0,0.13,9.13E-07,5.71E-06,3.12E-05,3.12E-05,0.000683999,3.11E-08,3.82E-07,3.85E-06,6.91E-06,0.000444026,3.92E-08,3.27E-06,8.13E-06,1.94E-05,1.19E-05,9.26E-05,1.12E-05,3.23E-05,6.70E-05,4.04E-05,0.000323504,1.87E-05,5.67E-05,8.97E-05,0.00022991,1.47E-04,0.000935348,8.45E-11,1.91E-08,1.11E-07,4.50E-06,2.44E-05,3.25E-03,1.34E-07,2.45E-06,2.21E-06,2.31E-05,4.42E-05,4.37E-03,,,,,,2.72E-08,1.36E-05,5.44E-05,3.77E-04,2.90E-04,0.005578297,7.09E-08,4.44E-07,2.43E-06,2.43E-06,5.32E-05,4.30E-09,5.28E-08,5.32E-07,9.53E-07,6.14E-05,2.73E-08,2.26E-06,5.66E-06,1.35E-05,8.29E-06,6.44E-05,1.08E-05,3.12E-05,6.49E-05,3.91E-05,0.000313337,6.20E-06,1.87E-05,2.98E-05,7.61E-05,4.85E-05,0.000309723,5.30E-12,1.20E-09,6.95E-09,2.82E-07,1.53E-06,2.04E-04,9.07E-09,1.65E-07,1.49E-07,1.56E-06,2.98E-06,2.95E-04,,,,,,3.09E-08,1.54E-05,6.17E-05,4.27E-04,3.29E-04,0.006323923,0.001184386,0.006822385,1.04E-05,5.08E-05,1.05E-04,0.000245465,0.000153933,4.00E-08,1.56E-05,6.18E-05,0.000429155,0.000333662,0.013504631,0.011471214,1.03E-05,4.09E-05,7.92E-05,0.000206117,0.000141508,1.73E-07,1.82E-05,6.49E-05,0.000461949,0.000404903,0.006415451,0.015150311,0.023432763,0.033010785,0.106794265,0.191805697,0.214821872,5.93E-05,0.001242883,0.017989983,0.043686489,0.070856642,0.196322219
2016,0.00086609,1.54091,2.390381423,0.545333832,0.202080165,2.801534456,0.086200388,1.589099697,0.002225907,0.530336,0.002532944,0.002749493,,0.001768955,0.448228,0.005880107,,,0.257586,0.001271305,0.016112203,0.99966,0.019713532,0.004221583,,0.01118879,0.06064857,,0.820611,,0.37804,1.194166667,0.62397965,0.1598266,1,0.976367274,3.806600843,0.183987398,0.760741777,1.898864656,0.542902485,1.9040993,0,1.082617468,0.002045339,0.012200709,0.052,0.052,0.052,0.052,0.052,0.09,0.09,0.09,0.09,0.09,0.496,0.496,0.497,0.496,0.498,0.496,0.502,0.501,0.502,0.502,0.502,0.325,0.325,0.325,0.325,0.325,0.325,0.0688,0.0688,0.0688,0.0688,0.0688,0.0688,7.12E-02,7.12E-02,7.12E-02,7.12E-02,0.071205154,7.12E-02,0.00E+00,0.00E+00,0.00E+00,0.00E+00,0,6.00E-01,6.00E-01,6.00E-01,6.00E-01,6.00E-01,0.600030728,0.33,0.33,0.14,0.14,0.14,0.23,0.79,0,0.13,1.91E-06,9.91E-06,7.32E-05,1.24E-04,0.000926533,6.62E-08,6.72E-07,9.15E-06,2.77E-05,0.000660021,3.82E-08,3.19E-06,6.71E-06,2.38E-05,2.50E-05,5.67E-05,1.02E-05,2.66E-05,1.15E-04,1.31E-04,0.000309188,1.77E-05,5.36E-05,7.23E-05,0.000278202,0.000305183,0.000521651,2.89E-11,1.65E-08,4.76E-07,1.41E-06,3.76E-05,2.09E-03,7.76E-08,3.56E-06,1.60E-05,1.22E-05,0.000114683,4.84E-03,,,,,,1.05E-08,1.32E-05,2.63E-04,1.33E-04,5.03E-04,0.004129278,1.05E-07,5.45E-07,4.02E-06,6.80E-06,5.09E-05,6.55E-09,6.67E-08,9.05E-07,2.76E-06,6.55E-05,3.77E-08,3.14E-06,6.62E-06,2.35E-05,2.48E-05,5.59E-05,1.03E-05,2.68E-05,1.16E-04,1.32E-04,0.000312086,8.53E-06,2.58E-05,3.48E-05,0.000133862,0.000146845,0.000251002,2.14E-12,1.22E-09,3.52E-08,1.04E-07,2.78E-06,1.54E-04,5.95E-09,2.73E-07,1.22E-06,9.38E-07,8.79E-06,3.71E-04,,,,,,1.57E-08,1.98E-05,3.94E-04,2.00E-04,7.54E-04,0.006194711,0.000809563,0.006720213,1.21E-05,4.69E-05,7.53E-05,0.000301757,0.000339217,2.17E-08,2.01E-05,0.000395469,0.000200684,0.000765779,0.013243257,0.012661669,1.34E-05,5.27E-05,8.94E-05,0.000388157,0.000479952,9.48E-08,1.96E-05,0.000331914,0.000173688,0.00076155,0.006835316,0.015496413,0.023655581,0.035294942,0.141173999,0.27131953,0.347840514,7.46E-05,0.001217442,0.016836872,0.041142741,0.068063642,0.201170587
2017,0.000779969,1.59913,5.231521888,0.524123875,0.238164527,2.033618581,0.582783725,0.832744292,0.00279793,0.685569,0.003202486,0.002942625,,0.002433976,0.567589,0.005087451,,,0.384358,0.000973391,0.007019112,0.70092,0.021739423,0.023318781,,0.004544039,0.058093434,,0.923098,,0.79196,1.2285,0.48941035,0.1640762,1,0.563014576,1.559630886,0.146235663,0.885739315,2.63517902,0.444580894,1.339812467,0,0.42505107,0.001601842,0.007340819,0.064,0.064,0.064,0.064,0.064,0.159,0.159,0.159,0.158,0.159,0.419,0.419,0.419,0.419,0.42,0.419,0.495,0.496,0.495,0.495,0.495,0.325,0.325,0.325,0.325,0.325,0.325,0.087,0.087,0.087,0.087,0.087,0.087,9.03E-02,9.03E-02,9.03E-02,9.03E-02,0.09033666,0.09033666,0.00E+00,0.00E+00,0.00E+00,0.00E+00,0,7.06E-01,7.06E-01,7.06E-01,7.06E-01,7.06E-01,0.705577045,0.33,0.33,0.14,0.14,0.14,0.23,0.79,0,0.13,1.93E-06,1.01E-05,6.29E-05,1.37E-04,0.000631001,4.98E-08,5.09E-07,5.87E-06,2.29E-05,0.000335269,4.02E-08,4.66E-06,8.82E-06,1.72E-05,3.14E-05,5.57E-05,1.58E-05,3.57E-05,8.61E-05,0.000174608,0.000319239,1.99E-05,8.47E-05,9.90E-05,0.000194252,0.000400782,0.000547974,2.08E-11,6.74E-09,4.93E-07,7.33E-06,1.43E-05,1.75E-03,4.71E-08,1.23E-06,1.40E-05,5.36E-05,3.69E-05,0.003423783,,,,,,2.78E-09,1.99E-06,1.00E-04,2.54E-04,7.06E-05,0.001415054,1.32E-07,6.88E-07,4.29E-06,9.36E-06,4.32E-05,9.41E-09,9.60E-08,1.11E-06,4.32E-06,6.32E-05,2.90E-08,3.36E-06,6.36E-06,1.24E-05,2.28E-05,4.01E-05,1.55E-05,3.51E-05,8.45E-05,0.000171409,0.000313392,9.62E-06,4.08E-05,4.77E-05,9.36E-05,0.000193104,0.000264024,1.98E-12,6.42E-10,4.70E-08,6.98E-07,1.36E-06,1.67E-04,4.68E-09,1.22E-07,1.39E-06,5.32E-06,3.66E-06,0.000340008,,,,,,6.67E-09,4.78E-06,2.40E-04,6.10E-04,1.69E-04,0.003391141,0.001400335,0.003897903,3.05E-05,0.000154519,0.000207377,0.000431228,0.000884391,1.13E-08,4.90E-06,0.000241867,0.000615706,0.000174325,0.01677453,0.011766711,2.10E-05,0.000107911,0.000150403,0.0003433,0.000716853,5.45E-08,3.95E-06,0.00014743,0.000399656,0.000147282,0.004145593,0.026899949,0.038568163,0.046964507,0.11666461,0.294519179,0.314861479,5.59E-05,0.000563459,0.006781696,0.017138801,0.032412167,0.126362288
2018,0.000392542,0.39917,0.414383588,0.089672348,0.102482683,1.224222484,0.169602305,0.791739206,0.002404446,0.524827,0.003833233,0.003544083,,0.002523349,0.659518,0.004836162,,,0.43551,0.001987158,0.005265495,0.36076,0.009322694,0.025444621,,0.024953387,0.052018998,,0.970636,,0.48699,1.202666667,0.48941035,0.1640762,1,0.566244069,1.485099391,0.166649775,0.732395347,3.093420019,0.2878775,0.979566318,0,0.484033556,0.001628447,0.00562877,0.06,0.061,0.061,0.06,0.061,0.152,0.152,0.152,0.152,0.152,0.48,0.48,0.48,0.48,0.48,0.48,0.514,0.514,0.514,0.514,0.514,0.28,0.28,0.28,0.28,0.28,0.28,0.12,0.12,0.12,0.1202,0.12,0.12,1.22E-01,1.22E-01,1.22E-01,1.22E-01,0.121559991,0.121559991,0.00E+00,0.00E+00,0.00E+00,0.00E+00,0,7.34E-01,7.34E-01,7.34E-01,7.34E-01,7.34E-01,0.734027977,0.33,0.33,0.14,0.14,0.14,0.23,0.79,0,0.13,1.72E-06,1.25E-05,7.83E-05,1.47E-04,0.00059768,4.60E-08,6.54E-07,7.57E-06,2.56E-05,0.000313975,2.00E-08,3.97E-06,1.04E-05,2.05E-05,3.25E-05,5.52E-05,1.18E-05,3.73E-05,9.03E-05,0.000157974,0.000279417,1.05E-05,7.58E-05,0.000123466,0.000243788,0.000433791,0.000603502,2.88E-11,3.42E-09,1.43E-07,5.40E-06,5.31E-05,1.11E-03,7.24E-08,6.94E-07,4.50E-06,4.39E-05,0.000152245,0.002378999,,,,,,5.84E-09,1.54E-06,4.42E-05,2.85E-04,3.98E-04,0.001353908,1.10E-07,8.04E-07,5.05E-06,9.46E-06,3.86E-05,8.23E-09,1.17E-07,1.36E-06,4.57E-06,5.62E-05,1.85E-08,3.66E-06,9.65E-06,1.89E-05,2.99E-05,5.10E-05,1.25E-05,3.94E-05,9.54E-05,0.000166975,0.000295337,4.08E-06,2.94E-05,4.80E-05,9.47E-05,0.000168488,0.000234405,3.93E-12,4.67E-10,1.95E-08,7.38E-07,7.26E-06,1.52E-04,1.00E-08,9.60E-08,6.22E-07,6.08E-06,2.11E-05,0.00032921,,,,,,1.61E-08,4.24E-06,1.22E-04,7.86E-04,1.10E-03,0.003736507,0.00147744,0.004217357,1.69E-05,1.41E-04,0.00025827,0.000536012,0.000948623,2.61E-08,4.34E-06,0.000122498,0.000792898,0.001126878,0.014507473,0.011766711,1.19E-05,9.99E-05,0.000188179,0.000428699,0.000773198,8.83E-08,2.87E-06,6.53E-05,0.000442267,0.000765923,0.004557575,0.030262067,0.041530827,0.049091517,0.120961984,0.306417229,0.336722907,4.44E-05,0.000544328,0.007002293,0.017381561,0.030694142,0.108206039
2019,0.000578342,0.7632,1.541154133,0.159417508,0.605579493,1.948344811,0.190230597,0.998671066,0.001204653,1.38298,0.003278352,0.004216801,,0.002979097,0.53006,0.004557348,,,0.79768,0.002393909,0.010744919,0.32834,0.006970492,0.010932724,,0.027443709,0.068491072,,1.09024,,0.48845,1.234833333,0.48941035,0.1640762,1,0.662514746,1.637362696,0.166004934,0.876999806,3.743722708,0.242012372,0.801331383,0,0.343575566,0.001780359,0.004979475,0.047,0.047,0.047,0.047,0.047,0.039,0.038,0.039,0.038,0.038,0.446,0.446,0.446,0.446,0.446,0.446,0.413,0.413,0.413,0.413,0.413,0.339,0.339,0.339,0.339,0.339,0.339,0.154,0.154,0.154,0.1538,0.154,0.154,1.49E-01,1.49E-01,1.49E-01,1.49E-01,0.148670215,0.148670215,0.00E+00,0.00E+00,0.00E+00,0,0,6.73E-01,6.73E-01,6.73E-01,6.73E-01,6.73E-01,0.672668126,0.33,0.33,0.14,0.14,0.14,0.23,0.79,0,0.13,1.01E-06,1.07E-05,7.31E-05,0.000180089,0.000638294,2.71E-08,5.41E-07,7.86E-06,3.35E-05,0.000325937,2.61E-08,1.76E-06,7.90E-06,2.16E-05,3.39E-05,4.81E-05,6.69E-06,3.61E-05,1.21E-04,0.000210893,0.000311501,1.30E-05,3.21E-05,8.93E-05,0.000245164,0.000432986,0.000519335,2.74E-11,5.53E-09,8.47E-08,1.84E-06,4.64E-05,9.90E-04,6.83E-08,1.11E-06,2.64E-06,1.48E-05,0.000131438,0.002045859,,,,,,4.91E-09,2.19E-06,2.31E-05,8.55E-05,3.06E-04,0.001275814,5.00E-08,5.29E-07,3.61E-06,8.89E-06,3.16E-05,1.08E-09,2.16E-08,3.15E-07,1.34E-06,1.30E-05,2.10E-08,1.42E-06,6.37E-06,1.74E-05,2.73E-05,3.87E-05,4.70E-06,2.54E-05,8.55E-05,0.00014848,0.000219314,6.68E-06,1.65E-05,4.58E-05,0.00012582,0.000222211,0.000266526,4.99E-12,1.01E-09,1.54E-08,3.35E-07,8.42E-06,1.80E-04,1.19E-08,1.94E-07,4.61E-07,2.59E-06,2.30E-05,0.000357274,,,,,,1.01E-08,4.50E-06,4.74E-05,1.76E-04,6.28E-04,0.002621802,0.001463091,0.003158929,2.32E-05,6.66E-05,0.00020957,0.00060795,0.001074828,2.20E-08,4.69E-06,4.79E-05,0.000178595,0.000659644,0.014507473,0.011766711,1.92E-05,5.47E-05,0.000175132,0.000537024,0.000995282,8.40E-08,4.05E-06,3.24E-05,0.000127313,0.000586046,0.005179495,0.033172199,0.045443149,0.053420748,0.127353373,0.334088423,0.390656895,3.51E-05,0.000376806,0.004643548,0.011645134,0.021354482,0.072702543
2020,,1.60521,2.958070505,1.272493319,,1.542573135,0.511054662,0.545837457,,,,,,,,,,,,0.003125031,0.013218212,,0.014503769,0.008294268,,0.011963182,0.088289007,,1.04742,,0.6964,1.267166667,0.48941035,0.1640762,1,0.662514746,1.637362696,0.166004934,0.876999806,3.743722708,0.277932987,0.809185439,0,0.627644587,,0.007811409,0.048,0.048,0.048,0.048,0.048,0.036,0.036,0.036,0.036,0.036,0.322,0.322,0.322,0.322,0.323,0.322,0.479,0.478,0.479,0.479,0.479,0.305,0.305,0.305,0.305,0.305,0.305,0.1376,0.1376,0.1376,0.1376,0.1376,0.1376,0.139003833,0.139003833,0.139003833,0.139003833,0.139003833,0.139003833,0,0,0,0,0,0.593752686,0.593752686,0.593752686,0.593752686,0.593752686,0.593752686,0.33,0.33,0.14,0.14,0.14,0.23,0.79,0,0.13,1.43E-06,9.42E-06,6.09E-05,0.000117971,0.000667541,3.94E-08,5.10E-07,6.30E-06,2.20E-05,0.00036075,3.17E-08,3.26E-06,8.15E-06,2.00E-05,2.66E-05,5.91E-05,1.64E-05,4.90E-05,0.000137601,0.000198587,0.000452126,2.13E-05,7.99E-05,0.000124617,0.000317145,0.000458187,0.000820897,3.59E-11,6.83E-09,1.77E-07,1.40E-06,2.03E-05,0.001293353,8.46E-08,1.30E-06,5.21E-06,1.07E-05,5.43E-05,0.00238519,,,,,,1.14E-08,4.80E-06,8.55E-05,0.000115537,0.000237427,0.003172281,7.18E-08,4.73E-07,3.06E-06,5.92E-06,3.35E-05,1.46E-09,1.90E-08,2.34E-07,8.17E-07,1.34E-05,1.51E-08,1.55E-06,3.87E-06,9.49E-06,1.27E-05,2.80E-05,1.50E-05,4.49E-05,0.000126375,0.000182396,0.000415256,9.35E-06,3.50E-05,5.47E-05,0.000139105,0.000200963,0.00036006,5.73E-12,1.09E-09,2.82E-08,2.24E-07,3.23E-06,0.000206289,1.37E-08,2.09E-07,8.41E-07,1.72E-06,8.77E-06,0.000385078,,,,,,1.67E-08,7.01E-06,0.000124908,0.000168864,0.000347013,0.004636462,,0.005227829,,,,,,3.03E-08,7.22E-06,0.000125777,0.000170807,0.000359018,0.014507473,0.011766711,,,,,,1.09E-07,7.18E-06,0.000107908,0.000151162,0.00036524,0.005179495,0.030111405,0.04184738,0.049825591,0.121659989,0.311674944,0.34741376,3.49E-05,0.000543435,0.00743997,0.018224844,0.030530335,0.088475444
2021,,0.22741,0.521686243,0.108176166,,0.212820065,0.064954183,1.102860552,,,,,,,,,,,,0.002598602,0.016421147,0.99038,0.017144934,0.016755973,,0.008799337,0.087580552,,1.14356,,0.84966,1.294333333,0.48941035,0.1640762,1,0.662514746,1.637362696,0.166004934,0.876999806,3.743722708,0.37202998,0.850361973,0,0.877545909,,0.010530157,0.047,0.047,0.047,0.047,0.047,0.034,0.034,0.034,0.034,0.034,0.401,0.401,0.401,0.401,0.402,0.401,0.479,0.479,0.479,0.479,0.479,0.284,0.284,0.284,0.284,0.284,0.284,0.1054,0.1054,0.1054,0.1054,0.1054,0.1054,0.11363815,0.11363815,0.11363815,0.11363815,0.11363815,0.11363815,0,0,0,0,0,0.590624007,0.590624007,0.590624007,0.590624007,0.590624007,0.590624007,0.33,0.33,0.14,0.14,0.14,0.23,0.79,0,0.13,1.51E-06,9.93E-06,6.41E-05,0.000124305,0.000703384,4.44E-08,5.76E-07,7.10E-06,2.48E-05,0.000406856,3.50E-08,3.60E-06,8.98E-06,2.20E-05,2.93E-05,6.51E-05,2.25E-05,6.73E-05,0.000188968,0.000272721,0.000620907,2.07E-05,7.75E-05,0.000120938,0.00030778,0.000444657,0.000796656,3.91E-11,1.11E-08,2.72E-07,3.68E-06,1.94E-05,0.00188017,7.36E-08,1.68E-06,6.41E-06,2.24E-05,4.16E-05,0.00275896,,,,,,1.39E-08,8.71E-06,0.000147381,0.000340107,0.000254434,0.004674947,7.37E-08,4.86E-07,3.13E-06,6.07E-06,3.44E-05,1.58E-09,2.05E-08,2.53E-07,8.85E-07,1.45E-05,2.34E-08,2.40E-06,6.02E-06,1.47E-05,1.97E-05,4.36E-05,2.07E-05,6.18E-05,0.000173924,0.000251023,0.000571499,8.21E-06,3.07E-05,4.80E-05,0.000122032,0.000176297,0.000315866,4.61E-12,1.30E-09,3.21E-08,4.34E-07,2.29E-06,0.000221631,9.43E-09,2.15E-07,8.22E-07,2.87E-06,5.33E-06,0.000353719,,,,,,2.00E-08,1.26E-05,0.000212633,0.000490687,0.000367082,0.006744743,,0.007320093,,,,,,2.95E-08,1.28E-05,0.000213487,0.000493994,0.0003747,0.014507473,0.011766711,,,,,,9.76E-08,1.22E-05,0.000182626,0.000432951,0.000368324,0.005179495,0.030111405,0.04184738,0.049825591,0.121659989,0.311674944,0.34741376,3.76E-05,0.000743813,0.010651891,0.025838582,0.041858097,0.120233967
2022,,0.14362,0.097431068,0.08326718,0.321552359,0.217768686,0.648871308,1.179693292,,,,,,,,,,,,0.001083287,0.013713413,1.00774,0.02110407,0.019608697,,0.017814248,0.083520258,,1.11527,,0.50051,1.361833333,0.48941035,0.1640762,1,0.662514746,1.637362696,0.166004934,0.876999806,3.743722708,0.261900227,0.698477526,0,0.435892446,,0.006651596,0.043,0.043,0.043,0.043,0.043,0.029,0.029,0.029,0.029,0.029,0.365,0.365,0.365,0.365,0.366,0.365,0.527,0.527,0.527,0.527,0.527,0.292,0.291,0.292,0.292,0.292,0.292,0.095,0.095,0.095,0.095,0.095,0.095,0.1035189,0.1035189,0.1035189,0.1035189,0.1035189,0.1035189,0,0,0,0,0,0.641651253,0.641651253,0.641651253,0.641651253,0.641651253,0.641651253,0.33,0.33,0.14,0.14,0.14,0.23,0.79,0,0.13,1.63E-06,1.07E-05,6.93E-05,0.000134302,0.000759951,5.24E-08,6.79E-07,8.38E-06,2.93E-05,0.000479996,3.65E-08,3.75E-06,9.37E-06,2.30E-05,3.06E-05,6.80E-05,1.61E-05,4.81E-05,0.000135162,0.000195068,0.000444114,2.09E-05,7.82E-05,0.000122063,0.000310644,0.000448795,0.00080407,1.19E-11,6.75E-09,2.45E-07,3.16E-06,2.88E-05,0.00137973,2.54E-08,1.16E-06,6.56E-06,2.18E-05,7.00E-05,0.002365883,,,,,,3.01E-09,3.79E-06,9.47E-05,0.000207897,0.000269085,0.002151077,7.37E-08,4.86E-07,3.14E-06,6.07E-06,3.44E-05,1.55E-09,2.01E-08,2.47E-07,8.64E-07,1.42E-05,2.10E-08,2.15E-06,5.39E-06,1.32E-05,1.76E-05,3.90E-05,1.80E-05,5.36E-05,0.00015078,0.000217619,0.000495448,8.60E-06,3.22E-05,5.03E-05,0.000127861,0.000184718,0.000330954,1.25E-12,7.09E-10,2.57E-08,3.31E-07,3.02E-06,0.000144754,2.93E-09,1.34E-07,7.57E-07,2.52E-06,8.08E-06,0.000273194,,,,,,5.39E-09,6.78E-06,0.000169485,0.000372256,0.000481817,0.003851671,,0.00426962,,,,,,8.32E-09,6.92E-06,0.000170268,0.000375105,0.00049292,0.014507473,0.011766711,,,,,,3.14E-08,5.95E-06,0.000124301,0.000283769,0.000438179,0.005179495,0.030111405,0.04184738,0.049825591,0.121659989,0.311674944,0.34741376,2.90E-05,0.000434129,0.005889921,0.014471568,0.024597127,0.079640508
2023,,1.45862,2.976419096,0.42558781,0.128103354,2.96691938,0.803722655,0.970608637,,,,,,,,,,,,,,,,,,,,,,,,1.361833333,0.48941035,0.1640762,1,0.662514746,1.637362696,0.166004934,0.876999806,3.743722708,0.463448714,0.52142638,0,0.429144445,,,0.115,0.115,0.115,0.115,0.115,0.182,0.182,0.182,0.182,0.182,0.389,0.388,0.389,0.388,0.389,0.388,0.623,0.622,0.623,0.623,0.623,0.43,0.429,0.43,0.43,0.43,0.43,0.095,0.095,0.095,0.095,0.095,0.095,0.1035189,0.1035189,0.1035189,0.1035189,0.1035189,0.1035189,0,0,0,0,0,0.641651253,0.641651253,0.641651253,0.641651253,0.641651253,0.641651253,0.33,0.33,0.14,0.14,0.14,0.23,0.79,0,0.13,9.88E-07,6.50E-06,4.20E-05,8.14E-05,0.000460669,2.60E-08,3.37E-07,4.16E-06,1.46E-05,0.000238482,2.50E-08,2.57E-06,6.42E-06,1.58E-05,2.10E-05,4.66E-05,1.08E-05,3.23E-05,9.08E-05,0.000130982,0.000298209,1.03E-05,3.85E-05,6.00E-05,0.000152743,0.000220672,0.00039536,,,,,,,,,,,,,,,,,,,,,,,,1.28E-07,8.45E-07,5.45E-06,1.06E-05,5.98E-05,5.79E-09,7.50E-08,9.24E-07,3.23E-06,5.30E-05,1.59E-08,1.63E-06,4.08E-06,1.00E-05,1.33E-05,2.96E-05,1.78E-05,5.33E-05,0.000149846,0.000216271,0.000492379,7.73E-06,2.89E-05,4.52E-05,0.000115003,0.000166142,0.000297672,,,,,,,,,,,,,,,,,,,,,,,,,,,,,,,,,,,,,,,,,,,,,,,,,,,,,,,,,,,,
2024,,0.50857,0.555226256,0.459748705,0.309583106,0.501017138,0.177630882,0.988745799,,,,,,,,,,,,,,,,,,,,,,,,1.361833333,0.48941035,0.1640762,1,0.662514746,1.637362696,0.166004934,0.876999806,3.743722708,0.463448714,0.52142638,0,0.429144445,,,0.116,0.116,0.116,0.116,0.116,0.175,0.176,0.175,0.175,0.175,0.464,0.464,0.464,0.464,0.465,0.464,0.713,0.713,0.713,0.713,0.713,0.456,0.456,0.456,0.456,0.456,0.456,0.095,0.095,0.095,0.095,0.095,0.095,0.1035189,0.1035189,0.1035189,0.1035189,0.1035189,0.1035189,0,0,0,0,0,0.641651253,0.641651253,0.641651253,0.641651253,0.641651253,0.641651253,0.33,0.33,0.14,0.14,0.14,0.23,0.79,0,0.13,8.76E-07,5.77E-06,3.73E-05,7.22E-05,0.000408761,2.10E-08,2.72E-07,3.35E-06,1.17E-05,0.000192036,2.29E-08,2.36E-06,5.88E-06,1.44E-05,1.92E-05,4.27E-05,7.82E-06,2.34E-05,6.57E-05,9.48E-05,0.000215766,8.31E-06,3.11E-05,4.86E-05,0.000123664,0.00017866,0.00032009,,,,,,,,,,,,,,,,,,,,,,,,1.15E-07,7.59E-07,4.90E-06,9.49E-06,5.38E-05,4.46E-09,5.78E-08,7.13E-07,2.49E-06,4.09E-05,1.99E-08,2.04E-06,5.10E-06,1.25E-05,1.67E-05,3.69E-05,1.94E-05,5.80E-05,0.000163133,0.000235449,0.000536042,6.98E-06,2.61E-05,4.08E-05,0.000103751,0.000149887,0.000268548,,,,,,,,,,,,,,,,,,,,,,,,,,,,,,,,,,,,,,,,,,,,,,,,,,,,,,,,,,,,
